age,study_hours,study_seatings,social_media_hours,attendance,skill_hours,semester_gpa,cumulative_gpa,credits,family_income,english_proficiency_basic,english_proficiency_intermediate,health_issues_no,health_issues_yes,health_issues_no,scholarship_yes,gender_male,transportation_yes,disabilities_yes,skills_cyber_security,skills_machine_learning,skills_networking,skills_other,skills_programming,skills_software_development,skills_web_development,interest_area_data_science,interest_area_hardware,interest_area_machine_learning,interest_area_networking,interest_area_other,interest_area_software,interest_area_ui/ux
24,3,2,5,90.0,2,2.68,3.15,75,25000,0,1,1,0,0,1,1,0,0,0,0,0,0,0,1,0,0,0,0,0,1,0,0
22,3,2,3,96.0,2,2.68,3.15,36,100000,1,0,1,0,0,1,1,1,0,0,0,0,0,0,0,1,0,0,0,0,1,0,0
21,3,3,3,80.0,1,2.68,3.15,50,50000,0,1,1,0,0,0,0,0,0,0,0,0,0,1,0,0,0,0,0,0,0,1,0
20,1,3,2,88.0,1,2.68,3.15,36,62488,0,1,0,1,0,1,1,0,0,0,0,0,0,1,0,0,0,0,0,0,0,0,0
22,3,1,2,80.0,1,2.68,3.15,36,50000,0,1,0,1,0,1,1,0,0,0,0,0,0,1,0,0,0,0,0,0,0,1,0
20,2,2,1,95.0,2,2.68,3.15,36,30000,0,1,1,0,0,1,1,1,0,0,0,0,0,0,0,1,0,0,0,0,0,1,0
22,2,4,2,80.0,6,2.68,3.15,36,20000,0,1,0,1,0,1,1,0,0,0,0,0,0,0,0,1,0,0,0,0,0,1,0
22,2,2,2,100.0,1,3.8,3.64,35,32500,1,0,1,0,0,1,0,0,0,0,0,0,0,0,0,1,0,0,0,1,0,0,0
20,3,2,2,90.0,3,2.68,3.15,36,20000,0,1,1,0,0,1,1,0,0,0,0,0,0,1,0,0,0,0,0,0,0,1,0
22,5,2,2,100.0,1,2.68,3.15,36,25000,0,1,1,0,0,1,0,1,0,0,0,0,0,1,0,0,0,0,0,0,0,0,0
22,3,2,3,90.0,1,2.68,3.15,36,50000,0,1,1,0,0,1,1,1,0,0,0,0,0,1,0,0,0,0,0,0,0,1,0
22,3,2,2,90.0,2,3.4,3.53,35,20000,1,0,0,1,0,0,1,0,0,0,0,0,0,1,0,0,0,0,0,0,0,1,0
22,1,1,1,100.0,2,2.68,3.15,36,50000,1,0,1,0,0,0,0,1,0,0,0,0,0,1,0,0,0,0,0,0,0,1,0
21,3,2,1,90.0,1,2.68,3.15,36,24000,0,1,1,0,0,1,0,0,0,0,0,0,0,1,0,0,0,0,0,0,0,1,0
21,2,2,1,97.0,2,2.68,3.15,36,70000,1,0,1,0,0,0,0,1,0,0,0,0,0,1,0,0,0,0,0,0,0,1,0
20,2,1,1,95.0,3,3.93,3.89,35,30000,1,0,1,0,0,1,1,1,0,0,0,0,0,1,0,0,0,0,0,0,0,1,0
22,5,3,1,95.0,2,2.68,3.15,36,40000,0,1,1,0,0,1,1,1,0,0,0,0,0,1,0,0,0,0,1,0,0,0,0
21,5,1,2,97.0,2,2.68,3.15,36,50000,1,0,1,0,0,1,0,0,0,0,0,0,0,1,0,0,0,0,0,0,0,1,0
21,1,2,3,70.0,2,3.1,3.5,35,62488,0,0,1,0,0,1,1,0,0,0,0,0,0,1,0,0,0,0,0,0,0,1,0
19,3,2,2,70.0,2,2.68,3.15,36,20000,0,1,1,0,0,0,1,1,0,0,0,0,0,0,0,1,0,0,0,0,0,1,0
21,3,2,2,96.0,1,3.81,3.65,34,30000,0,1,1,0,0,1,0,0,0,0,0,0,0,0,0,1,0,0,0,0,1,0,0
21,3,3,2,80.0,2,2.68,3.15,36,50000,0,1,1,0,0,1,1,0,0,0,0,1,0,0,0,0,0,0,0,1,0,0,0
22,2,1,2,98.0,2,2.68,3.15,36,20000,0,1,1,0,0,1,1,0,0,0,0,0,0,0,0,1,0,0,0,0,0,1,0
21,6,3,3,95.0,3,2.68,3.15,36,25000,0,1,1,0,0,0,0,1,0,0,0,0,0,1,0,0,0,0,0,0,0,1,0
21,1,1,1,85.0,2,3.89,3.81,35,35000,0,0,0,1,0,1,1,1,0,0,0,0,1,0,0,0,0,0,1,0,0,0,0
20,3,2,1,97.0,2,3.79,3.82,39,50000,1,0,1,0,0,0,0,0,0,0,0,0,0,1,0,0,0,0,0,0,0,1,0
20,4,3,3,95.0,2,2.68,3.15,36,4000,1,0,1,0,0,0,1,0,0,0,0,0,0,1,0,0,0,0,0,0,0,1,0
19,2,1,4,70.0,4,3.55,3.48,35,40000,0,1,0,1,0,1,1,1,0,0,0,0,0,1,0,0,0,0,0,0,0,0,0
21,2,1,2,95.0,2,3.28,3.32,36,8000,0,1,0,1,0,1,1,1,0,0,0,0,0,0,0,1,0,0,0,0,0,1,0
25,3,3,2,100.0,3,2.68,3.15,36,47972,0,1,1,0,0,1,1,0,0,0,0,0,0,1,0,0,0,0,0,0,0,1,0
20,3,3,4,90.0,2,2.68,3.15,11,30000,0,1,1,0,0,1,1,1,0,0,0,0,0,1,0,0,0,0,1,0,0,0,0
20,4,2,2,95.0,3,2.68,3.15,11,90000,0,1,1,0,0,1,1,1,0,0,0,0,0,1,0,0,0,0,0,0,0,1,0
21,5,5,2,90.0,1,2.68,3.15,11,30000,0,1,1,0,0,0,1,0,0,0,0,0,0,1,0,0,0,0,0,0,0,1,0
23,8,4,2,100.0,2,2.68,3.15,36,37000,0,1,1,0,0,1,1,0,0,0,0,0,0,1,0,0,0,0,0,0,0,1,0
20,1,1,2,95.0,1,2.68,3.15,11,35000,1,0,1,0,0,1,1,1,0,0,0,0,0,1,0,0,0,0,0,0,0,1,0
20,3,1,1,80.0,2,2.68,3.15,11,50000,0,1,1,0,0,1,0,1,0,0,0,0,0,1,0,0,0,0,0,0,0,1,0
21,2,1,3,99.0,2,2.68,3.15,11,30000,1,0,1,0,0,1,0,0,0,0,0,0,0,0,0,1,0,0,0,0,0,0,0
24,2,2,5,70.0,4,2.68,3.15,126,20000,1,0,0,1,0,0,1,0,0,0,0,0,0,1,0,0,0,0,0,0,0,1,0
20,4,2,4,100.0,1,2.68,3.15,11,80000,0,1,1,0,0,1,0,1,0,0,0,0,0,1,0,0,0,0,0,0,0,1,0
22,5,2,3,98.0,2,2.68,3.15,11,40000,0,0,1,0,0,1,0,1,0,0,0,0,0,1,0,0,0,0,0,0,0,1,0
20,5,5,6,100.0,3,2.68,3.15,11,20000,1,0,1,0,0,1,1,0,0,0,0,0,0,1,0,0,0,0,1,0,0,0,0
21,3,2,2,97.0,2,2.68,3.15,11,10000,1,0,1,0,0,0,1,0,0,0,0,0,0,1,0,0,0,0,0,0,0,1,0
21,3,3,1,98.0,4,2.68,3.15,11,10000,1,0,1,0,0,1,1,1,0,0,0,0,0,1,0,0,0,0,0,0,0,1,0
19,5,3,6,90.0,1,2.68,3.15,11,40000,0,1,1,0,0,1,1,1,0,0,0,0,0,1,0,0,0,0,0,0,0,1,0
19,4,2,2,90.0,2,2.68,3.15,11,40000,0,1,1,0,0,1,1,1,0,0,0,0,0,1,0,0,0,0,0,0,0,1,0
19,4,2,1,95.0,3,2.68,3.15,11,25000,1,0,1,0,0,1,1,0,0,0,0,0,0,1,0,0,0,0,0,0,0,1,0
20,5,2,3,95.0,1,2.68,3.15,11,20000,0,1,1,0,0,1,1,0,0,0,0,0,0,1,0,0,0,0,0,0,0,1,0
19,1,1,1,90.0,2,2.68,3.15,11,22000,0,1,1,0,0,1,1,1,0,0,0,0,0,1,0,0,0,0,0,0,0,1,0
20,2,2,3,99.0,1,3.78,3.88,36,200000,1,0,1,0,0,0,0,0,0,0,0,0,0,1,0,0,0,0,0,0,0,1,0
20,7,2,5,90.0,2,2.68,3.15,11,39000,1,0,0,1,0,1,1,0,0,0,0,0,0,1,0,0,0,0,0,0,0,1,0
21,2,1,3,90.0,1,2.68,3.15,11,30000,0,1,1,0,0,1,1,1,0,0,0,0,0,1,0,0,0,0,1,0,0,0,0
21,2,2,2,88.0,2,4.0,4.0,11,20000,0,1,1,0,0,1,1,1,0,0,0,0,0,1,0,0,0,0,0,0,0,1,0
21,5,2,1,95.0,2,2.68,3.15,11,30000,0,1,1,0,0,1,1,1,0,0,0,0,0,0,0,1,0,0,0,0,0,1,0
20,3,1,2,100.0,1,3.9,3.9,12,60000,0,1,1,0,0,1,1,0,0,0,0,0,0,1,0,0,0,0,0,0,0,1,0
20,2,2,1,100.0,2,2.68,3.15,11,40000,1,0,1,0,0,1,1,1,0,0,0,0,0,1,0,0,0,0,0,0,0,1,0
22,1,1,7,80.0,2,2.68,3.15,11,32000,1,0,0,1,0,0,1,1,0,0,0,1,0,0,0,0,0,0,0,0,0,1,0
20,1,2,2,100.0,1,2.68,3.15,11,30000,0,1,1,0,0,1,1,0,0,0,0,0,0,1,0,0,0,0,0,0,0,0,0
20,1,2,1,98.0,2,2.68,3.15,11,40000,0,1,1,0,0,1,0,1,0,0,0,0,0,1,0,0,0,0,0,0,0,1,0
20,4,1,3,85.0,2,2.68,3.15,11,30000,0,1,1,0,0,1,1,1,0,0,0,0,0,0,0,1,0,0,0,0,0,1,0
20,2,1,4,99.0,2,2.68,3.15,11,40000,0,1,1,0,0,1,0,1,0,0,0,0,0,1,0,0,0,0,0,0,0,1,0
20,1,1,4,75.0,1,2.68,3.15,11,35000,0,1,1,0,0,1,1,1,0,0,0,0,0,1,0,0,0,0,0,0,0,1,0
21,3,2,4,85.0,2,2.68,3.15,36,40000,0,1,1,0,0,1,1,1,0,0,0,0,0,0,0,1,0,0,0,0,0,0,0
23,1,2,2,100.0,2,2.68,3.15,126,15000,0,1,1,0,0,0,1,1,0,0,0,0,0,0,0,1,0,0,0,0,0,1,0
21,3,2,5,95.0,1,3.84,3.8,80,23000,0,1,1,0,0,1,1,0,0,0,0,0,0,1,0,0,0,0,0,0,0,1,0
21,3,2,2,95.0,2,2.68,3.15,88,62488,0,0,1,0,0,0,1,1,0,0,0,0,0,0,0,1,0,0,0,0,0,1,0
24,2,2,4,70.0,2,3.31,3.52,132,350000,0,1,1,0,0,1,1,0,0,0,0,0,0,1,0,0,0,0,1,0,0,0,0
22,3,2,4,100.0,2,2.68,3.15,88,50000,0,1,1,0,0,0,1,0,0,0,0,0,1,0,0,0,0,0,1,0,0,0,0
21,3,1,2,95.0,1,2.68,3.15,11,40000,0,0,1,0,0,1,0,0,0,0,0,0,0,1,0,0,0,0,0,0,0,1,0
20,3,2,2,100.0,5,2.68,3.15,11,35000,0,1,1,0,0,0,1,0,0,0,0,0,0,0,0,1,0,0,0,0,0,1,0
21,3,2,2,80.0,2,2.68,3.15,88,35000,1,0,1,0,0,1,0,1,0,0,0,0,0,1,0,0,0,0,0,0,0,1,0
21,8,2,1,100.0,2,2.68,3.15,11,30000,1,0,1,0,0,0,1,0,0,0,0,0,0,0,0,1,0,0,0,0,1,0,0
23,2,2,1,90.0,1,2.68,3.15,88,40000,0,1,1,0,0,1,1,1,0,0,0,0,0,0,0,1,0,0,0,0,0,1,0
20,4,1,1,95.0,1,2.68,3.15,11,35000,0,1,1,0,0,1,1,1,0,0,0,0,0,1,0,0,0,0,0,0,0,1,0
21,1,1,2,95.0,2,2.68,3.15,88,40000,0,1,0,1,0,0,0,1,0,0,0,0,0,0,1,0,0,0,0,0,0,1,0
24,2,2,3,80.0,1,2.68,3.15,136,30000,0,1,1,0,0,0,0,1,0,0,0,1,0,0,0,0,0,0,1,0,0,0,0
22,3,1,1,100.0,8,2.68,3.15,88,35000,0,1,1,0,0,0,1,0,0,0,0,0,0,1,0,0,0,0,0,0,0,1,0
21,4,1,2,95.0,2,2.68,3.15,88,25000,1,0,1,0,0,0,1,1,0,0,0,0,0,1,0,0,0,0,0,0,0,1,0
20,5,3,2,99.0,2,2.68,3.15,11,600000,1,0,0,1,0,1,0,1,0,0,0,0,0,1,0,0,0,0,0,0,0,1,0
20,4,3,4,100.0,2,2.68,3.15,11,35000,1,0,1,0,0,1,0,1,0,0,0,0,0,1,0,0,0,0,0,0,0,1,0
20,1,1,5,80.0,2,3.49,3.67,71,40000,0,1,1,0,0,1,0,0,0,0,0,0,0,0,0,1,0,0,0,0,0,1,0
21,4,1,2,100.0,2,3.07,2.74,85,20000,0,1,1,0,0,0,1,0,0,0,0,0,0,0,0,1,0,0,0,1,0,0,0
21,3,1,8,85.0,1,2.68,3.15,88,20000,0,1,1,0,0,0,1,1,0,0,0,0,1,0,0,0,0,0,0,1,0,0,0
21,3,1,1,95.0,1,3.76,3.5,83,92000,0,1,1,0,0,0,0,1,0,0,0,0,0,1,0,0,0,0,0,1,0,0,0
22,3,1,1,98.0,2,2.7,2.8,80,35000,0,1,1,0,0,0,1,1,0,0,0,0,0,0,0,1,0,0,0,0,0,1,0
22,2,1,2,95.0,2,2.68,3.15,88,20000,0,1,1,0,0,0,1,0,0,0,0,0,0,0,0,1,0,0,0,1,0,0,0
23,1,1,1,99.0,2,2.68,3.15,88,15000,0,1,1,0,0,0,1,1,0,0,0,0,0,0,0,1,0,0,0,0,0,1,0
23,2,1,1,96.0,2,2.68,3.15,88,30000,0,1,1,0,0,1,1,1,0,0,0,1,0,0,0,0,0,0,0,1,0,0,0
21,3,1,1,95.0,2,3.65,3.15,11,45000,0,1,1,0,0,0,1,1,0,0,0,0,0,1,0,0,0,0,0,0,0,1,0
22,1,1,15,100.0,1,2.68,3.15,88,90000,0,1,1,0,0,0,1,1,0,0,0,0,0,0,0,1,0,1,0,0,0,0,0
21,2,2,2,80.0,1,2.68,3.15,88,35000,1,0,1,0,0,0,0,0,0,0,0,0,0,0,0,1,0,0,1,0,0,0,0
20,2,1,3,95.0,3,2.68,3.15,88,20000,1,0,1,0,0,1,1,1,0,0,0,0,0,0,0,1,0,0,0,0,0,1,0
21,4,2,2,88.0,2,2.68,3.15,11,100000,0,1,1,0,0,1,1,1,0,0,0,0,0,0,0,1,0,0,0,0,0,1,0
23,6,2,3,100.0,2,3.84,3.1,73,30000,0,1,1,0,0,1,1,0,0,0,0,0,0,0,0,1,0,0,0,0,0,1,0
20,2,1,6,80.0,2,2.68,3.15,11,70000,0,1,1,0,0,0,0,0,0,0,0,0,0,1,0,0,0,0,0,0,0,1,0
24,2,1,4,90.0,4,2.68,3.15,113,40000,1,0,1,0,0,0,0,1,0,0,0,0,0,0,0,1,0,0,0,0,0,1,0
21,2,4,1,100.0,2,2.68,3.15,11,10000,1,0,1,0,0,1,0,0,0,0,0,0,0,1,0,0,0,0,0,0,0,1,0
20,2,1,2,82.0,4,2.68,3.15,36,40000,0,0,1,0,0,1,1,1,0,0,0,0,0,1,0,0,0,0,0,0,0,1,0
22,1,1,1,90.0,0,2.68,3.15,36,20000,0,1,1,0,0,1,1,1,0,0,0,0,0,1,0,0,0,0,0,0,0,1,0
20,3,2,1,98.0,8,2.68,3.15,50,22000,0,1,1,0,0,0,1,0,0,0,0,0,0,0,0,1,0,0,1,0,0,0,0
23,3,2,1,85.0,2,2.68,3.15,126,45000,0,1,0,1,0,0,1,1,0,0,0,0,0,0,0,1,0,0,0,0,0,1,0
21,4,1,3,90.0,1,2.68,3.15,88,40000,0,1,1,0,0,0,0,1,0,0,0,0,0,0,0,1,0,0,0,0,0,1,0
20,2,1,5,90.0,1,2.68,3.15,11,50000,0,1,0,1,0,1,0,1,0,0,0,0,0,1,0,0,0,0,0,0,0,1,0
22,3,1,4,90.0,2,2.68,3.15,88,50000,0,1,1,0,0,1,0,0,0,0,0,0,0,0,0,1,0,0,0,0,0,1,0
23,2,4,6,88.0,1,2.68,3.15,112,30000,1,0,1,0,0,0,1,0,0,0,0,1,0,0,0,0,0,0,0,0,0,1,0
20,3,4,1,95.0,5,2.68,3.15,11,40000,1,0,1,0,0,1,1,0,0,0,0,0,0,0,1,0,0,0,0,0,0,1,0
19,1,1,1,95.0,1,3.5,3.58,35,30000,0,1,1,0,0,1,1,0,0,0,0,0,0,1,0,0,0,0,0,0,0,1,0
21,4,2,1,90.0,2,3.38,3.82,27,40000,0,1,1,0,0,1,1,1,0,0,0,0,0,0,0,1,0,0,0,0,0,1,0
21,2,2,1,90.0,1,2.68,3.15,88,30000,0,1,1,0,0,0,1,0,0,0,0,0,0,1,0,0,0,0,1,0,0,0,0
22,9,3,1,88.0,1,2.68,3.15,113,62488,0,1,1,0,0,0,0,0,0,0,0,0,1,0,0,0,0,1,0,0,0,0,0
19,3,2,2,100.0,3,2.68,3.15,11,35000,1,0,1,0,0,1,0,1,0,0,0,0,0,1,0,0,0,0,0,0,0,1,0
22,1,1,10,80.0,2,2.68,3.15,36,100000,1,0,1,0,0,1,0,0,0,0,0,0,0,1,0,0,0,0,0,0,0,1,0
22,3,2,3,80.0,3,2.68,3.15,36,30000,0,1,1,0,0,1,1,0,0,0,0,1,0,0,0,0,0,0,1,0,0,0,0
21,2,3,3,92.0,1,1.89,2.69,86,20000,1,0,1,0,0,0,0,0,0,0,0,0,0,0,0,1,0,0,0,0,0,1,0
19,7,3,3,90.0,1,3.7,3.77,35,62488,0,0,1,0,0,1,0,0,0,0,0,0,0,1,0,0,0,0,0,0,0,1,0
19,4,2,2,95.0,2,2.68,3.15,11,30000,0,1,1,0,0,1,1,0,0,0,0,0,0,1,0,0,0,0,0,0,0,1,0
21,5,2,3,95.0,2,2.68,3.15,11,20000,0,1,1,0,0,1,1,0,0,0,0,0,0,1,0,0,0,0,0,0,0,1,0
25,2,1,2,70.0,4,0.0,2.53,91,30000,0,1,0,1,0,1,1,0,0,0,0,0,0,0,0,1,0,0,0,0,0,1,0
22,3,3,2,99.0,2,2.68,3.15,100,20000,1,0,0,1,0,0,0,1,0,0,0,0,0,0,0,1,1,0,0,0,0,0,0
24,2,2,4,50.0,5,2.2,2.66,110,60000,1,0,1,0,0,0,1,0,0,0,0,0,0,0,0,1,0,0,0,0,0,1,0
22,1,1,4,100.0,4,2.6,2.6,90,62488,0,0,0,1,0,1,1,0,0,0,0,0,0,0,0,1,0,0,0,0,0,1,0
22,3,1,3,95.0,0,2.7,2.91,120,150000,0,1,0,1,0,0,0,1,0,0,0,1,0,0,0,0,0,0,0,0,0,1,0
23,2,2,1,90.0,2,2.87,2.99,120,30000,0,1,1,0,0,0,1,0,0,0,0,0,0,1,0,0,0,0,0,0,0,1,0
20,4,4,1,95.0,4,2.68,3.15,50,25000,0,1,1,0,0,0,1,0,0,0,0,0,0,1,0,0,0,0,0,0,0,1,0
23,2,1,4,70.0,4,2.68,3.15,100,200000,0,1,1,0,0,0,1,1,0,1,0,0,0,0,0,0,0,0,0,1,0,0,0
26,1,1,1,85.0,1,2.68,3.15,77,50000,1,0,0,1,0,0,1,0,1,0,0,0,0,0,0,1,0,1,0,0,0,0,0
22,3,5,1,99.0,3,2.68,3.15,100,40000,0,1,1,0,0,0,1,0,0,0,0,0,0,0,0,1,0,0,0,0,0,1,0
23,1,1,1,70.0,1,2.7,2.92,76,15000,0,1,0,1,0,0,1,1,0,0,0,0,0,0,0,1,0,1,0,0,0,0,0
21,2,1,1,73.0,2,2.68,3.15,126,75000,0,1,1,0,0,0,1,1,0,0,0,0,0,1,0,0,0,0,0,1,0,0,0
22,2,2,1,100.0,2,2.68,3.15,126,40000,0,1,0,1,0,0,1,0,0,0,0,0,0,1,0,0,0,0,0,0,0,1,0
23,3,2,1,70.0,2,2.98,2.96,118,20000,1,0,0,1,0,0,0,1,1,0,0,0,0,1,0,0,0,1,0,0,0,0,0
21,1,1,2,75.0,2,2.68,3.15,126,40000,0,0,1,0,0,0,0,0,0,0,0,0,0,0,0,1,0,0,0,0,0,1,0
20,5,2,7,80.0,2,2.68,3.15,11,62488,1,0,0,1,0,1,0,0,0,0,0,0,0,1,0,0,0,0,0,0,0,1,0
21,6,3,2,88.0,4,2.68,3.15,100,62488,0,1,1,0,0,0,0,0,0,0,0,0,0,0,0,1,0,0,0,0,0,1,0
22,3,4,2,99.0,7,3.52,2.9,100,15000,0,1,1,0,0,0,1,0,0,0,0,0,0,0,0,1,0,0,0,0,1,0,0
23,4,5,3,100.0,2,3.48,3.08,68,20000,0,1,1,0,0,1,1,1,0,0,0,0,0,1,0,0,0,0,0,0,0,1,0
25,2,1,3,90.0,3,2.68,3.15,126,63000,0,0,1,0,0,1,1,1,0,0,0,0,0,0,0,1,0,0,0,0,0,1,0
22,1,2,3,80.0,3,2.68,3.15,126,50000,1,0,1,0,0,1,0,1,0,0,0,0,0,0,0,1,0,0,0,1,0,0,0
20,2,2,5,90.0,2,2.68,3.15,65,40000,1,0,1,0,0,0,1,0,0,0,0,1,0,0,0,0,0,0,0,1,0,0,0
25,6,4,2,2.0,4,3.16,2.68,121,60000,0,0,1,0,0,0,1,0,0,0,0,0,0,0,0,1,0,0,0,0,0,1,0
21,2,3,1,87.0,1,1.92,2.42,39,60000,1,0,1,0,0,0,0,0,0,0,0,0,0,1,0,0,0,0,0,0,0,0,1
20,2,1,2,80.0,4,2.68,3.15,36,30000,0,1,0,1,0,0,1,1,0,0,0,0,0,0,0,1,0,0,0,0,1,0,0
27,5,2,6,50.0,2,2.68,3.15,113,7000,1,0,1,0,0,0,1,1,0,0,0,1,0,0,0,0,0,0,0,1,0,0,0
22,8,3,4,99.0,4,2.68,3.15,126,20000,0,1,1,0,0,0,0,0,0,0,0,0,0,0,0,1,0,0,0,0,0,1,0
20,3,3,1,99.0,1,2.68,3.15,11,20000,0,1,1,0,0,0,1,1,0,0,0,0,0,1,0,0,0,0,0,0,0,1,0
22,1,1,5,70.0,1,2.68,3.15,77,20000,1,0,1,0,0,0,1,1,0,0,0,1,0,0,0,0,0,0,0,1,0,0,0
21,7,2,1,100.0,3,2.68,3.15,11,30000,0,1,1,0,0,1,1,1,0,0,0,0,0,1,0,0,0,0,0,0,0,1,0
23,2,1,1,75.0,3,2.68,3.15,136,35000,1,0,1,0,0,0,1,0,0,0,0,0,0,1,0,0,0,0,0,0,0,1,0
23,6,3,6,100.0,2,2.68,3.15,88,62488,0,1,1,0,0,1,0,0,0,0,0,0,0,1,0,0,0,0,0,0,0,1,0
25,2,2,1,100.0,2,2.68,3.15,88,60000,0,1,1,0,0,0,0,0,0,0,0,1,0,0,0,0,0,0,0,1,0,0,0
20,4,3,2,88.0,3,2.68,3.15,11,60000,0,1,1,0,0,0,0,1,0,0,0,0,0,1,0,0,0,0,0,0,0,1,0
21,2,2,2,80.0,2,2.68,3.15,36,50000,0,0,1,0,0,1,1,1,0,0,0,0,0,1,0,0,0,0,0,0,0,1,0
26,2,2,3,80.0,2,2.68,3.15,77,30000,0,1,0,1,0,0,0,1,0,0,0,0,0,0,1,0,0,0,0,0,0,1,0
23,5,5,3,90.0,2,3.29,3.23,114,28000,0,1,1,0,0,0,1,1,0,0,0,1,0,0,0,0,0,0,0,1,0,0,0
22,3,1,3,100.0,3,2.68,3.15,126,60000,0,1,1,0,0,0,0,1,0,0,0,0,1,0,0,0,0,0,1,0,0,0,0
23,2,2,1,100.0,3,2.68,3.15,136,90000,0,0,1,0,0,0,1,0,0,0,0,1,0,0,0,0,0,0,0,0,0,1,0
24,3,2,3,80.0,4,2.68,3.15,113,200000,0,0,1,0,0,0,1,0,0,0,0,0,0,0,0,1,0,0,0,0,0,1,0
21,4,2,1,100.0,1,2.68,3.15,88,50000,0,1,1,0,0,0,0,0,0,0,0,0,0,0,0,1,0,0,0,0,0,1,0
22,3,1,5,80.0,3,2.0,2.22,77,4000,1,0,0,1,0,0,0,1,0,0,0,0,0,1,0,0,0,0,0,0,0,1,0
19,3,2,3,90.0,1,2.68,3.15,11,40000,1,0,1,0,0,1,1,1,0,0,0,0,0,1,0,0,0,0,0,0,0,1,0
21,5,1,3,80.0,2,3.3,3.24,105,80000,0,1,0,1,0,0,0,0,0,0,0,0,0,1,0,0,0,0,0,0,0,1,0
23,3,2,2,90.0,3,2.68,3.15,113,35000,1,0,0,1,0,0,1,1,0,0,0,0,0,0,1,0,0,0,0,0,0,1,0
21,1,1,12,90.0,6,3.01,2.76,79,65000,0,1,1,0,0,0,1,0,0,0,0,0,0,0,0,1,0,0,0,0,0,1,0
23,4,1,2,97.0,4,2.68,3.15,136,20000,0,1,1,0,0,0,1,0,0,0,0,0,0,0,0,1,0,0,0,0,0,1,0
22,3,2,3,95.0,2,3.2,3.3,103,40000,1,0,1,0,0,0,1,0,0,0,0,0,0,0,0,1,1,0,0,0,0,0,0
23,3,2,2,80.0,2,2.68,3.15,136,100000,0,0,1,0,0,0,0,0,0,0,0,0,0,1,0,0,0,0,0,0,0,1,0
20,4,1,6,90.0,2,2.68,3.15,11,50000,1,0,1,0,0,1,0,0,0,0,0,0,0,1,0,0,0,0,0,0,0,1,0
25,1,3,1,90.0,1,2.68,3.15,136,20000,0,1,1,0,0,1,1,0,0,0,0,0,0,0,0,1,0,0,0,0,0,1,0
20,3,2,4,90.0,2,2.68,3.15,11,30000,0,1,1,0,0,1,1,1,0,0,0,0,0,1,0,0,0,0,0,0,0,1,0
23,3,2,4,40.0,2,2.4,2.4,70,60000,1,0,1,0,0,0,0,1,0,0,0,0,0,0,0,1,0,0,0,0,0,1,0
23,4,2,2,90.0,1,2.68,3.15,88,50000,0,1,1,0,0,0,1,0,0,0,0,0,0,0,0,1,0,0,1,0,0,0,0
22,4,2,2,90.0,2,2.16,2.75,35,40000,0,1,1,0,0,1,1,1,0,0,0,0,0,0,0,1,0,0,0,0,0,1,0
22,8,3,3,90.0,2,2.68,3.15,100,40000,0,1,1,0,0,1,1,0,0,0,0,0,0,0,0,1,0,0,0,0,0,1,0
23,5,3,2,5.0,2,2.68,3.15,88,12000,0,1,1,0,0,1,1,1,0,0,0,0,0,1,0,0,0,0,0,0,0,1,0
21,5,3,2,97.0,4,0.0,2.31,46,50000,0,1,1,0,0,0,1,0,0,0,0,0,0,0,1,0,0,0,0,0,0,1,0
20,2,3,3,80.0,3,1.75,2.51,50,50000,1,0,0,1,0,0,0,1,1,0,0,0,0,1,0,0,0,0,0,0,0,1,0
22,4,2,4,90.0,2,2.68,3.15,88,10000,0,1,1,0,0,0,0,0,0,0,0,0,0,0,0,1,0,0,1,0,0,0,0
22,2,2,4,90.0,0,2.68,3.15,88,50000,0,1,1,0,0,0,1,0,0,0,0,0,1,0,0,0,0,0,0,0,0,0,0
22,3,2,0,92.0,3,2.68,3.15,11,100000,1,0,1,0,0,1,0,0,0,0,0,0,1,0,0,0,0,0,0,0,1,0,0
21,6,3,2,100.0,1,2.68,3.15,88,30000,0,1,0,1,0,0,0,0,0,0,0,1,0,0,0,0,0,0,0,0,0,0,0
21,2,1,4,88.0,3,2.68,3.15,88,40000,1,0,1,0,0,1,0,1,0,0,0,0,0,1,0,0,0,0,0,0,0,1,0
19,1,1,6,95.0,1,2.68,3.15,0,50000,0,1,1,0,0,1,1,1,0,0,0,0,0,1,0,0,0,0,0,0,0,1,0
20,3,2,2,98.0,2,2.6,2.81,75,500000,0,0,1,0,0,0,0,0,0,0,0,0,0,1,0,0,0,1,0,0,0,0,0
20,7,2,1,90.0,9,3.33,3.5,33,40000,0,1,1,0,0,1,1,0,0,0,0,0,0,0,0,1,0,0,0,1,0,0,0
24,3,2,2,90.0,2,4.0,3.92,34,40000,0,1,1,0,0,0,1,0,0,0,0,0,0,1,0,0,0,0,0,0,0,1,0
22,6,3,2,100.0,3,3.25,3.25,11,30000,1,0,1,0,0,1,1,1,0,1,0,0,0,0,0,0,0,0,0,1,0,0,0
22,1,1,1,100.0,2,3.46,3.1,102,40000,1,0,1,0,0,1,1,0,0,1,0,0,0,0,0,0,0,0,0,0,0,1,0
19,1,2,2,85.0,1,3.73,3.73,11,20000,0,1,1,0,0,1,1,0,0,0,0,0,0,1,0,0,0,0,0,0,0,1,0
26,3,2,1,100.0,5,2.0,2.0,80,25000,1,0,1,0,0,0,1,1,0,1,0,0,0,0,0,0,0,0,0,1,0,0,0
25,2,1,5,80.0,2,3.78,3.56,132,20000,0,1,1,0,0,1,1,1,0,0,0,0,1,0,0,0,0,0,0,0,0,1,0
24,6,4,1,100.0,2,3.42,3.02,136,50000,0,1,1,0,0,1,1,1,0,0,0,0,0,1,0,0,0,0,0,0,0,1,0
21,4,5,5,95.0,1,3.5,3.2,122,15000,0,0,0,1,0,0,0,0,0,0,0,0,0,1,0,0,0,0,0,0,0,1,0
21,2,1,3,90.0,2,3.26,3.26,11,22000,0,1,1,0,0,1,1,0,0,0,0,0,0,1,0,0,0,0,0,0,0,1,0
21,2,2,2,70.0,1,3.9,3.8,12,25000,1,0,1,0,0,1,0,1,0,1,0,0,0,0,0,0,0,0,0,0,0,0,0
21,2,1,5,95.0,1,3.7,3.68,105,50000,0,1,1,0,0,1,0,1,0,0,0,0,0,1,0,0,0,0,0,0,0,1,0
22,3,2,3,100.0,2,3.82,3.65,78,30000,0,1,1,0,0,0,0,0,0,0,0,0,0,0,0,1,0,0,0,0,0,1,0
21,5,2,5,99.0,2,3.85,3.72,126,100000,0,0,1,0,0,1,0,0,0,0,0,0,0,0,0,1,0,0,1,0,0,0,0
24,2,2,3,95.0,3,3.1,2.84,133,20000,0,0,1,0,0,0,1,1,0,0,0,0,0,1,0,0,0,0,0,0,0,1,0
20,2,2,6,90.0,0,2.67,2.67,12,35000,0,1,1,0,0,1,0,0,0,0,0,1,0,0,0,0,0,0,0,0,0,1,0
23,3,2,1,80.0,1,3.82,3.6,84,30000,0,1,1,0,0,0,0,1,0,0,0,0,0,0,0,1,0,0,1,0,0,0,0
20,4,3,2,100.0,2,3.72,3.72,11,40000,1,0,1,0,0,1,1,1,0,0,0,0,0,1,0,0,0,0,0,0,0,1,0
21,2,1,2,90.0,1,3.51,3.56,125,40000,0,1,1,0,0,0,0,1,0,0,0,0,0,1,0,0,0,0,0,0,0,0,0
22,8,7,4,90.0,5,3.48,3.35,75,40000,0,1,0,1,0,0,1,0,0,0,0,0,0,0,0,1,0,0,0,0,0,1,0
22,3,2,20,90.0,1,2.65,2.99,121,50000,1,0,1,0,0,0,1,0,0,0,0,0,0,0,1,0,0,0,1,0,0,0,0
22,6,3,2,100.0,5,3.72,3.42,131,62488,0,1,1,0,0,0,1,1,0,0,0,0,0,0,0,1,0,0,0,0,0,1,0
23,3,2,3,85.0,1,1.96,1.96,11,62488,1,0,1,0,0,1,1,0,0,0,0,0,0,1,0,0,0,0,0,0,0,1,0
23,2,2,1,95.0,2,3.38,3.6,120,50000,0,0,1,0,0,1,0,1,0,0,0,1,0,0,0,0,0,0,0,1,0,0,0
23,7,2,2,80.0,2,2.8,2.8,130,18000,0,1,1,0,0,0,1,1,0,0,0,0,0,0,0,1,0,0,0,0,0,1,0
21,5,2,4,100.0,2,3.36,3.59,100,40000,0,1,0,1,0,0,0,0,0,0,0,0,0,0,0,1,0,0,0,0,1,0,0
22,2,2,4,85.0,1,3.33,3.1,80,62488,0,1,1,0,0,0,1,0,0,0,0,0,0,0,1,0,0,0,0,0,0,1,0
25,1,1,2,90.0,2,2.11,2.54,126,80000,0,1,0,1,0,0,1,0,1,0,0,0,1,0,0,0,0,1,0,0,0,0,0
21,1,1,6,52.0,1,2.83,3.05,37,20000,1,0,0,1,0,0,1,0,0,0,0,0,0,1,0,0,0,0,0,0,0,1,0
21,3,2,4,88.0,2,2.2,2.2,30,62488,0,1,1,0,0,1,1,1,0,0,0,0,0,1,0,0,0,0,0,0,0,1,0
23,6,3,6,98.0,3,3.2,3.22,110,50000,0,1,1,0,0,0,1,1,0,0,0,0,0,0,0,1,0,0,0,0,0,1,0
26,4,2,1,70.0,2,2.81,3.2,104,12000,0,1,1,0,0,0,1,0,0,0,0,0,0,0,0,1,0,0,0,0,0,1,0
20,5,3,2,100.0,5,3.48,3.48,11,20000,1,0,1,0,0,0,1,0,0,0,0,0,0,1,0,0,0,0,0,0,0,1,0
20,5,1,6,90.0,5,4.0,0.0,11,50000,0,1,0,1,0,1,0,0,0,0,0,0,0,1,0,0,0,0,0,0,0,1,0
20,2,7,6,100.0,4,4.0,4.0,14,62488,1,0,1,0,0,1,1,1,0,0,0,0,0,0,0,1,0,0,0,0,0,1,0
23,4,2,6,90.0,1,3.7,3.5,89,50000,0,1,1,0,0,1,1,1,0,0,0,0,0,0,0,1,0,0,1,0,0,0,0
20,3,1,6,100.0,0,0.0,0.0,11,25000,1,0,1,0,0,1,1,1,0,0,0,0,0,1,0,0,0,0,0,0,0,1,0
21,4,3,5,90.0,3,3.68,0.0,11,25000,0,1,1,0,0,1,0,1,0,0,0,0,0,0,1,0,0,0,0,0,0,1,0
21,5,2,2,95.0,2,3.3,3.3,11,50000,0,1,1,0,0,1,1,0,0,0,0,0,0,1,0,0,0,0,0,0,0,1,0
22,4,2,2,88.0,6,3.85,3.1,115,62488,0,1,1,0,0,0,1,0,0,1,0,0,0,0,0,0,0,1,0,0,0,0,0
21,2,2,3,90.0,5,4.0,3.78,120,50000,0,1,1,0,0,1,1,0,0,0,0,0,0,0,0,1,0,0,0,0,0,1,0
24,4,2,1,97.0,2,2.98,2.91,136,20000,0,1,1,0,0,0,0,0,0,0,0,0,0,0,0,1,0,0,1,0,0,0,0
22,5,3,15,100.0,4,3.64,3.75,88,34000,0,0,1,0,0,1,0,1,0,0,0,0,0,0,0,1,0,1,0,0,0,0,0
19,6,5,1,95.0,2,3.56,3.58,11,10000,0,1,1,0,0,1,0,0,0,0,0,0,0,1,0,0,0,0,0,0,0,1,0
23,1,1,2,65.0,1,1.68,3.1,120,30000,0,0,1,0,0,0,1,1,0,0,0,0,1,0,0,0,0,1,0,0,0,0,0
20,3,3,5,80.0,2,2.54,2.54,11,40000,1,0,1,0,0,0,1,1,0,0,0,0,0,1,0,0,0,0,0,1,0,0,0
20,7,3,1,95.0,1,3.9,3.9,11,50000,1,0,1,0,0,0,1,0,0,0,0,0,0,1,0,0,0,0,0,0,0,1,0
22,6,3,3,90.0,1,3.84,3.77,99,60000,1,0,1,0,0,1,0,1,0,0,0,1,0,0,0,0,0,0,0,1,0,0,0
22,1,2,1,70.0,6,3.68,3.39,117,16000,0,1,0,1,0,1,1,1,0,0,0,0,0,0,0,1,0,0,0,0,0,1,0
23,2,1,2,95.0,2,3.14,3.14,101,40000,0,0,1,0,0,1,0,1,0,0,0,0,0,0,0,1,0,0,1,0,0,0,0
23,4,2,4,95.0,1,3.69,3.23,125,30000,0,1,1,0,0,0,1,0,0,0,0,0,0,1,0,0,0,0,0,1,0,0,0
26,3,2,1,95.0,6,2.73,3.08,110,25000,0,1,1,0,0,0,1,0,0,0,0,0,0,0,0,1,0,0,0,0,0,1,0
24,2,2,1,80.0,4,3.48,3.0,123,62488,0,1,1,0,0,0,1,0,0,0,0,0,0,0,0,1,0,0,0,0,0,1,0
20,5,2,12,75.0,2,2.61,2.61,11,40000,0,1,1,0,0,1,1,1,0,0,0,0,0,1,0,0,0,0,0,0,0,1,0
19,7,2,2,100.0,2,0.0,0.0,0,70000,0,1,1,0,0,0,0,0,0,0,0,0,0,0,0,1,0,0,0,0,0,1,0
23,1,1,2,88.0,1,2.8,2.68,84,50000,0,1,1,0,0,0,1,0,0,0,0,0,0,0,0,1,0,0,0,0,0,1,0
23,1,3,1,90.0,2,1.52,2.15,70,36000,1,0,1,0,0,0,1,0,0,0,0,0,0,1,0,0,0,0,0,0,0,1,0
22,2,1,3,85.0,3,3.12,3.08,83,30000,0,1,1,0,0,0,1,0,0,0,0,0,0,0,0,1,0,0,0,0,0,1,0
24,5,2,1,90.0,3,3.68,3.33,118,20000,0,1,1,0,0,0,1,0,0,0,0,1,0,0,0,0,0,0,0,1,0,0,0
24,4,2,1,85.0,1,2.25,2.64,103,20000,0,1,1,0,0,1,1,0,0,0,0,0,1,0,0,0,0,0,0,1,0,0,0
22,1,2,1,90.0,1,3.5,3.43,126,100000,0,1,1,0,0,1,1,0,0,0,0,0,0,0,0,1,0,0,0,0,0,1,0
20,6,2,1,100.0,3,0.0,0.0,0,50000,1,0,1,0,0,1,0,1,0,0,0,0,0,1,0,0,0,0,0,0,0,1,0
19,2,1,1,90.0,2,3.36,3.72,88,20000,1,0,1,0,0,1,1,0,0,0,0,0,0,0,0,1,0,0,0,0,0,1,0
20,1,1,4,99.0,2,3.83,3.83,11,35000,0,1,1,0,0,1,1,0,0,0,0,0,0,1,0,0,0,0,0,0,0,1,0
22,4,2,1,90.0,4,1.98,2.98,104,25000,0,1,1,0,0,0,1,1,0,0,0,0,0,0,0,1,0,0,0,0,0,1,0
19,3,2,2,98.0,2,3.37,3.37,11,62488,0,1,0,1,0,0,0,1,1,0,0,0,0,1,0,0,0,0,0,0,0,1,0
21,3,2,3,88.0,1,3.15,3.15,11,62488,0,0,1,0,0,1,1,1,0,0,0,1,0,0,0,0,0,0,0,0,0,1,0
19,5,3,3,88.0,2,0.0,0.0,0,30000,1,0,1,0,0,1,1,0,0,0,0,0,0,1,0,0,0,0,0,0,0,1,0
20,1,1,1,100.0,2,0.0,0.0,0,150000,0,1,1,0,0,1,1,1,0,0,0,1,0,0,0,0,0,0,0,0,0,1,0
20,4,2,3,98.0,2,0.0,0.0,0,50000,0,1,1,0,0,1,0,0,0,0,0,1,0,0,0,0,0,0,0,1,0,0,0
23,3,2,3,90.0,2,2.79,2.84,133,30000,1,0,1,0,0,0,0,0,0,0,0,0,0,0,1,0,0,0,0,0,0,1,0
21,5,3,2,95.0,1,3.52,3.65,23,62488,0,1,1,0,0,1,1,0,0,0,0,0,0,1,0,0,0,0,0,0,0,1,0
21,1,2,2,90.0,1,3.85,3.79,35,35000,0,1,1,0,0,1,1,1,0,0,0,0,0,0,0,1,0,1,0,0,0,0,0
23,4,2,5,70.0,2,3.01,2.89,120,90000,0,0,0,1,0,1,0,0,0,1,0,0,0,0,0,0,0,0,0,0,0,0,1
20,3,2,2,90.0,3,3.18,3.18,24,80000,0,0,1,0,0,1,0,0,0,0,0,0,0,1,0,0,0,0,0,1,0,0,0
19,5,2,5,100.0,3,3.72,3.89,26,60000,0,1,1,0,0,1,1,1,0,0,0,0,0,0,0,1,0,0,0,0,0,1,0
21,3,2,10,70.0,3,2.8,2.9,40,500000,0,1,0,1,0,1,0,1,0,0,0,0,0,1,0,0,0,0,0,0,0,1,0
21,2,2,3,90.0,1,3.42,3.56,23,50000,1,0,1,0,0,1,1,0,0,0,0,0,0,1,0,0,0,0,0,0,0,1,0
20,3,2,3,85.0,2,2.49,3.03,25,40000,1,0,1,0,0,1,1,0,0,0,0,0,0,1,0,0,0,0,0,0,0,1,0
19,2,1,3,95.0,1,2.68,3.15,23,100000,0,1,1,0,0,0,0,1,0,0,0,0,0,1,0,0,0,0,0,0,0,1,0
22,3,2,2,90.0,1,3.86,3.67,49,20000,0,1,0,1,0,1,0,1,0,0,0,0,0,1,0,0,0,0,0,0,0,1,0
20,3,1,1,100.0,1,0.0,0.0,0,30000,0,0,1,0,0,1,1,1,0,0,0,0,0,1,0,0,0,0,0,0,0,1,0
21,6,3,2,90.0,3,3.82,3.7,55,50000,0,1,1,0,0,1,1,1,0,0,0,0,0,1,0,0,0,0,0,0,0,1,0
21,2,1,2,75.0,1,3.58,3.1,23,40000,0,1,1,0,0,1,1,0,0,0,0,0,0,1,0,0,0,0,0,0,0,1,0
21,5,2,2,98.0,2,2.57,2.8,45,30000,0,1,1,0,0,0,1,0,0,0,0,0,0,1,0,0,0,0,0,0,0,1,0
22,5,2,2,95.0,3,3.86,3.92,23,40000,0,0,0,1,0,1,1,0,0,0,0,0,1,0,0,0,0,0,0,0,0,1,0
22,3,1,3,80.0,1,4.0,4.0,11,40000,0,1,1,0,0,0,1,0,0,0,0,0,0,1,0,0,0,0,0,0,0,1,0
20,1,2,7,80.0,0,0.0,0.0,0,60000,0,1,1,0,0,1,0,1,0,0,0,0,1,0,0,0,0,0,0,0,0,0,0
23,1,2,2,90.0,1,3.1,3.4,65,40000,0,1,1,0,0,0,1,0,0,0,0,0,0,1,0,0,0,0,0,0,0,1,0
21,6,3,4,100.0,3,0.0,0.0,0,40000,0,0,1,0,0,0,0,0,0,0,0,0,0,1,0,0,0,0,0,0,0,1,0
20,1,2,1,95.0,2,3.68,3.65,24,45000,1,0,0,1,0,1,1,0,0,0,0,0,0,1,0,0,0,0,0,0,0,1,0
21,7,2,3,2.0,0,3.4,3.4,11,40000,1,0,1,0,0,1,0,1,0,0,0,0,0,1,0,0,0,0,0,0,0,1,0
19,8,2,2,100.0,1,0.0,0.0,0,10000,1,0,1,0,0,1,1,0,0,0,0,0,1,0,0,0,0,0,0,0,0,1,0
20,3,2,2,70.0,3,2.45,2.95,25,50000,0,0,0,1,0,1,1,1,0,0,0,0,0,1,0,0,0,0,0,0,0,1,0
25,2,1,3,80.0,1,2.4,2.89,130,62488,0,1,1,0,0,0,0,1,0,0,0,0,0,0,1,0,0,0,0,0,0,1,0
20,4,3,1,99.0,3,3.47,3.2,23,50000,0,1,1,0,0,1,0,1,0,0,0,0,0,1,0,0,0,0,0,0,0,1,0
21,2,1,1,87.0,1,2.53,3.05,115,37000,0,1,1,0,0,0,1,1,0,0,0,0,0,0,0,1,0,0,0,0,0,1,0
23,1,1,3,50.0,1,2.56,2.72,26,45000,1,0,0,1,0,1,0,1,0,0,0,0,1,0,0,0,0,0,0,0,0,1,0
19,4,2,3,100.0,1,0.0,0.0,0,100000,0,1,1,0,0,0,0,0,0,0,0,0,1,0,0,0,0,0,0,0,0,1,0
20,2,1,1,80.0,1,2.36,2.56,65,35000,1,0,1,0,0,0,1,0,0,0,0,0,1,0,0,0,0,1,0,0,0,0,0
20,2,1,1,100.0,1,0.0,0.0,0,400006,1,0,1,0,0,0,0,0,0,0,0,0,1,0,0,0,0,0,0,0,1,0,0
21,1,1,2,100.0,0,0.0,0.0,0,70000,0,1,1,0,0,1,1,1,0,0,0,0,1,0,0,0,0,0,0,0,0,1,0
22,4,1,2,100.0,2,2.68,3.15,11,20000,1,0,1,0,0,1,1,1,1,0,0,0,0,1,0,0,0,0,0,0,0,1,0
20,2,2,1,90.0,1,3.19,2.73,24,40000,0,1,1,0,0,1,0,1,1,0,0,0,0,1,0,0,0,0,0,1,0,0,0
21,2,2,1,88.0,1,2.11,2.13,25,30000,1,0,0,1,0,0,1,0,1,0,0,0,1,0,0,0,0,0,0,0,0,1,0
22,6,3,2,98.0,2,3.1,3.07,107,60000,1,0,1,0,0,0,0,1,0,0,0,0,0,1,0,0,0,0,1,0,0,0,0
21,4,2,5,95.0,2,3.28,3.0,25,70000,0,1,1,0,0,1,1,0,0,0,0,0,0,1,0,0,0,0,0,0,0,1,0
21,1,2,2,100.0,0,3.15,3.15,11,35000,1,0,1,0,0,1,0,1,0,0,0,0,0,1,0,0,0,0,0,0,0,1,0
20,5,2,3,90.0,1,3.6,3.6,14,10000,1,0,1,0,0,1,1,0,0,0,0,0,0,1,0,0,0,0,0,0,0,1,0
21,3,1,1,90.0,2,3.75,3.7,24,50000,0,1,1,0,0,1,0,0,0,0,0,0,0,0,0,1,0,0,0,1,0,0,0
20,1,1,3,90.0,2,3.85,3.92,34,40000,0,1,1,0,0,0,1,0,0,0,0,0,0,0,0,1,0,0,0,0,0,1,0
20,3,3,2,90.0,2,2.68,2.68,23,100000,1,0,1,0,0,1,0,1,0,0,0,0,0,1,0,0,0,0,1,0,0,0,0
21,3,2,1,99.0,3,3.18,3.18,11,62488,0,1,1,0,0,1,0,0,0,0,0,0,0,1,0,0,0,0,0,0,0,1,0
24,2,1,1,90.0,2,3.39,3.4,128,5000,0,1,1,0,0,1,0,0,0,0,0,0,0,0,0,1,1,0,0,0,0,0,0
20,4,1,4,100.0,2,2.98,3.38,25,60000,0,1,0,1,0,0,0,0,0,0,0,0,0,1,0,0,0,0,0,0,0,1,0
21,9,2,3,97.0,5,3.7,3.15,23,50000,0,1,1,0,0,0,0,0,0,0,0,0,0,1,0,0,0,0,0,0,0,1,0
23,1,2,2,80.0,2,3.25,2.95,130,40000,0,0,1,0,0,0,0,1,0,0,0,0,0,1,0,0,0,0,1,0,0,0,0
19,2,1,3,85.0,1,3.03,3.21,25,30000,1,0,1,0,0,0,1,1,0,0,0,0,0,1,0,0,0,0,0,0,0,1,0
22,2,2,3,95.0,1,3.1,3.18,48,50000,0,1,1,0,0,0,0,0,0,0,0,0,0,1,0,0,0,0,0,0,0,1,0
21,2,1,3,98.0,1,3.7,3.7,12,120000,0,1,1,0,0,1,0,1,0,0,0,0,0,1,0,0,0,0,0,0,0,1,0
21,9,2,6,70.0,4,4.0,4.0,12,30000,0,1,1,0,0,1,1,1,0,0,0,0,0,1,0,0,0,0,0,0,0,1,0
19,1,1,2,85.0,1,3.18,3.45,23,62488,0,1,1,0,0,1,1,1,0,0,0,0,0,1,0,0,0,0,0,0,0,1,0
19,2,2,3,100.0,2,3.61,3.74,25,40000,1,0,1,0,0,1,0,1,0,0,0,0,0,1,0,0,0,0,0,0,0,1,0
22,2,1,0,70.0,1,3.01,3.22,23,70000,0,1,1,0,0,1,1,0,0,0,0,0,0,1,0,0,0,0,0,0,0,1,0
21,2,2,5,80.0,2,3.26,3.36,23,40000,1,0,0,1,0,0,0,1,0,0,0,0,0,1,0,0,0,0,0,0,0,1,0
25,1,1,2,100.0,2,3.6,3.72,130,300000,0,1,1,0,0,1,1,0,0,0,0,0,0,0,0,1,0,0,0,0,0,1,0
20,2,3,5,100.0,3,3.12,3.01,23,50000,1,0,0,1,0,0,1,0,0,0,0,0,0,1,0,0,0,0,0,0,0,0,0
20,4,3,2,100.0,2,3.93,3.93,11,50000,1,0,1,0,0,1,0,0,0,0,0,0,0,0,1,0,0,0,0,0,0,1,0
20,5,3,6,95.0,1,3.0,3.55,23,150000,0,0,1,0,0,1,1,0,0,0,0,0,0,1,0,0,0,0,0,0,0,1,0
24,1,2,3,70.0,1,1.61,2.44,40,25000,1,0,1,0,0,0,1,0,0,0,0,0,0,0,0,1,0,1,0,0,0,0,0
22,1,1,3,80.0,1,2.79,3.15,50,40000,1,0,1,0,0,1,1,1,0,0,0,0,0,0,0,1,0,0,0,0,0,1,0
22,2,1,3,98.0,2,3.83,3.4,25,40000,0,1,1,0,0,0,0,0,0,0,0,0,0,1,0,0,0,0,0,0,0,1,0
26,3,1,2,100.0,3,3.58,3.27,130,62488,0,0,1,0,0,1,1,1,0,0,0,0,0,0,0,1,0,1,0,0,0,0,0
21,3,1,4,100.0,2,3.39,3.19,25,70000,1,0,1,0,0,1,0,1,0,0,0,0,0,0,0,1,0,0,0,1,0,0,0
20,3,3,2,100.0,2,3.38,3.37,23,25000,0,1,1,0,0,1,1,0,0,0,0,0,0,0,0,1,0,0,0,0,0,1,0
19,3,3,1,100.0,2,3.03,3.15,23,30000,0,1,0,1,0,1,0,0,0,0,0,0,0,0,0,1,1,0,0,0,0,0,0
20,3,1,1,100.0,1,0.0,0.0,0,40000,0,1,1,0,0,0,1,0,0,0,0,0,1,0,0,0,0,0,0,0,1,0,0
21,1,1,1,95.0,1,3.65,3.7,30,40000,0,1,1,0,0,1,1,1,0,0,0,0,0,1,0,0,0,0,0,0,0,1,0
22,3,1,2,80.0,1,3.18,2.69,90,30000,0,1,0,1,0,0,0,1,0,0,0,0,0,0,0,1,0,1,0,0,0,0,0
21,3,2,2,100.0,2,3.78,3.15,90,30000,1,0,1,0,0,1,1,1,0,0,0,0,0,1,0,0,0,0,0,0,0,1,0
24,1,1,4,70.0,3,2.56,3.38,90,30000,0,1,1,0,0,1,1,1,0,0,0,0,0,1,0,0,0,0,1,0,0,0,0
20,2,2,12,90.0,0,2.94,3.1,24,45000,1,0,0,1,0,1,1,0,0,0,0,0,1,0,0,0,0,0,0,0,0,1,0
19,3,2,4,77.0,3,2.36,2.88,23,80000,0,1,1,0,0,0,0,0,0,0,0,0,0,1,0,0,0,0,0,0,0,1,0
21,3,2,5,100.0,2,3.8,3.8,11,30000,0,1,1,0,0,1,1,0,0,0,0,0,0,1,0,0,0,0,0,0,0,1,0
22,0,0,15,80.0,0,1.53,2.43,23,30000,1,0,1,0,0,1,1,0,0,0,0,0,0,1,0,0,0,0,0,0,0,1,0
21,2,2,5,80.0,3,3.0,2.91,90,35000,0,1,1,0,0,0,0,1,0,0,0,0,0,0,0,1,0,0,0,0,0,0,1
20,2,1,5,80.0,1,2.32,2.66,23,40000,1,0,1,0,0,0,0,1,0,0,0,0,0,1,0,0,0,0,0,0,0,1,0
21,6,2,4,90.0,1,0.0,0.0,11,62488,0,1,0,1,0,1,1,1,1,1,0,0,0,0,0,0,0,0,0,0,0,1,0
21,3,0,12,50.0,0,3.37,3.15,23,62488,0,0,0,1,0,1,0,0,0,0,0,0,1,0,0,0,0,0,0,1,0,0,0
22,2,1,3,100.0,1,2.89,3.37,24,50000,0,1,0,1,0,1,0,0,0,0,0,0,0,0,0,1,0,0,1,0,0,0,0
21,2,3,2,90.0,2,3.17,3.15,24,40000,1,0,1,0,0,1,0,1,0,0,0,0,0,1,0,0,0,0,0,0,0,1,0
20,2,2,5,100.0,1,2.26,2.31,20,35000,1,0,0,1,0,1,0,1,0,0,0,0,0,1,0,0,0,0,0,0,0,1,0
21,5,2,2,99.0,1,3.65,3.65,12,35000,1,0,1,0,0,1,0,0,0,0,0,0,0,1,0,0,0,0,0,0,0,1,0
22,2,1,1,96.0,1,3.03,3.02,25,49000,0,1,1,0,0,1,0,1,0,0,0,0,0,1,0,0,0,0,1,0,0,0,0
22,2,1,4,80.0,0,3.93,3.44,53,15000,1,0,0,1,0,1,1,1,0,0,0,0,0,0,0,1,0,0,0,0,0,1,0
22,4,3,2,80.0,2,3.0,3.09,105,2000000,0,0,1,0,0,0,0,1,0,0,0,0,0,1,0,0,1,0,0,0,0,0,0
20,2,1,3,98.0,0,0.0,0.0,0,62488,1,0,1,0,0,1,0,1,0,0,0,0,0,1,0,0,0,0,0,0,0,1,0
20,8,4,2,88.0,2,3.45,3.45,11,30000,1,0,1,0,0,1,1,1,0,0,0,0,0,1,0,0,0,0,0,0,0,1,0
21,3,4,1,100.0,1,2.94,3.03,23,62488,1,0,1,0,0,1,0,1,0,0,0,0,0,1,0,0,0,0,0,0,0,1,0
21,8,2,1,100.0,4,3.93,3.95,25,50000,0,1,1,0,0,1,1,1,0,0,0,0,0,1,0,0,0,0,0,0,0,1,0
21,1,1,2,85.0,2,3.86,3.84,24,50000,0,1,0,1,0,1,1,1,0,0,0,0,0,1,0,0,1,0,0,0,0,0,0
20,4,2,2,100.0,1,2.93,2.84,26,30000,0,1,1,0,0,0,1,1,0,0,0,0,0,1,0,0,0,0,0,0,0,1,0
20,5,3,1,80.0,2,3.06,3.08,36,7000,0,1,1,0,0,1,1,0,0,0,0,0,0,1,0,0,0,0,0,0,0,1,0
21,2,1,7,100.0,0,0.0,0.0,0,50000,0,0,1,0,0,1,0,1,0,1,0,0,0,0,0,0,0,0,0,0,0,1,0
21,0,0,3,100.0,4,3.92,3.94,60,50000,0,1,1,0,0,1,0,1,0,0,0,0,0,1,0,0,0,0,0,0,0,1,0
21,2,1,2,98.0,1,3.17,3.53,25,30000,0,1,1,0,0,0,1,1,0,0,0,0,0,0,0,1,0,0,0,0,0,1,0
20,1,1,3,95.0,1,3.63,3.63,11,35000,1,0,1,0,0,1,0,1,0,0,0,0,0,1,0,0,0,0,0,0,0,1,0
20,8,2,2,98.0,2,3.98,3.86,23,20000,0,1,1,0,0,1,1,0,0,0,0,0,0,1,0,0,0,0,0,0,0,1,0
21,6,1,2,97.0,3,3.39,2.8,20,40000,0,1,1,0,0,0,0,1,0,0,0,0,0,1,0,0,0,0,0,0,0,1,0
18,2,2,3,90.0,1,3.68,3.68,11,40000,0,1,0,1,0,1,0,0,0,0,0,0,0,1,0,0,0,0,0,0,0,1,0
21,5,3,4,90.0,3,3.83,3.83,11,20000,1,0,1,0,0,1,1,0,0,0,0,0,0,1,0,0,0,0,0,0,0,1,0
22,3,1,4,100.0,2,3.64,3.74,87,50000,0,1,1,0,0,0,1,0,0,0,0,0,0,1,0,0,0,0,0,0,0,1,0
20,2,1,1,100.0,1,2.96,3.38,25,25000,0,1,1,0,0,1,1,1,0,0,0,0,0,1,0,0,0,0,0,0,1,0,0
22,3,2,1,100.0,2,2.25,3.15,60,20000,0,1,1,0,0,0,1,1,0,0,0,0,0,1,0,0,0,0,0,0,0,1,0
19,5,1,2,100.0,2,3.8,3.8,11,20000,0,1,0,1,0,1,1,0,0,0,0,0,0,1,0,0,1,0,0,0,0,0,0
20,1,2,5,90.0,1,3.49,3.5,23,30000,0,1,1,0,0,1,0,1,0,0,0,0,0,1,0,0,0,0,0,0,0,1,0
21,2,1,2,60.0,1,2.11,3.0,26,50000,0,1,1,0,0,1,1,1,0,0,0,0,0,1,0,0,0,0,0,0,0,1,0
20,3,1,3,99.0,1,3.42,3.42,11,20000,0,1,1,0,0,1,1,0,0,0,0,0,0,1,0,0,0,0,0,0,0,1,0
23,5,2,6,99.0,2,3.96,3.93,76,12500,0,1,0,1,0,1,0,0,0,0,0,0,1,0,0,0,0,0,0,1,0,0,0
23,7,3,2,90.0,4,2.86,3.26,125,15000,0,1,1,0,0,0,1,1,0,0,0,0,0,0,0,1,0,0,0,0,0,1,0
21,5,3,4,60.0,1,0.5,0.5,11,5000,1,0,1,0,0,0,1,0,0,0,0,0,0,1,0,0,0,0,0,0,0,1,0
20,5,2,3,98.0,1,3.5,3.5,0,20000,0,1,1,0,0,0,0,0,0,0,0,0,0,1,0,0,0,0,0,0,0,1,0
20,1,2,2,90.0,1,2.52,2.52,12,50000,1,0,1,0,0,1,1,0,0,0,0,0,0,1,0,0,0,0,0,0,0,1,0
21,4,1,2,98.0,3,3.72,3.71,25,60000,0,1,1,0,0,0,1,1,0,0,0,0,0,1,0,0,0,0,0,0,1,0,0
22,5,2,2,95.0,1,2.8,3.35,120,68000,0,1,1,0,0,1,0,0,0,0,0,0,1,0,0,0,0,1,0,0,0,0,0
21,3,2,2,99.0,1,3.98,3.99,58,40000,0,1,1,0,0,1,0,0,0,0,0,0,0,1,0,0,0,0,0,0,0,1,0
20,4,2,3,100.0,2,3.68,3.61,24,40000,0,1,0,1,0,0,1,0,0,0,0,0,0,1,0,0,0,0,0,0,0,1,0
21,1,1,5,90.0,1,3.03,2.94,25,50000,0,1,0,1,0,1,1,0,0,0,0,0,0,1,0,0,0,0,0,0,0,1,0
22,3,2,4,95.0,1,3.34,3.18,120,40000,0,1,0,1,0,0,0,0,0,0,0,0,0,0,0,1,0,0,1,0,0,0,0
21,8,2,2,100.0,1,3.39,3.39,12,50000,1,0,1,0,0,1,0,1,0,0,0,0,0,0,1,0,0,0,0,0,0,1,0
23,3,2,3,96.0,2,3.78,3.55,141,18000,0,1,1,0,0,0,0,1,0,0,0,0,0,0,0,1,0,0,0,0,0,1,0
24,2,2,8,100.0,8,1.05,2.97,42,62488,1,0,1,0,0,0,1,1,0,0,0,0,0,1,0,0,0,0,0,0,1,0,0
20,2,3,4,85.0,2,2.06,2.2,23,25000,1,0,1,0,0,0,0,0,0,0,0,0,0,1,0,0,0,0,0,1,0,0,0
20,3,1,3,95.0,2,3.67,3.67,11,45000,1,0,1,0,0,1,0,0,0,0,0,0,0,1,0,0,0,0,0,0,0,1,0
19,5,2,3,100.0,3,3.78,3.78,11,40000,0,1,1,0,0,0,0,1,0,0,0,0,0,1,0,0,0,0,0,0,0,0,0
20,1,1,1,75.0,1,1.63,2.61,79,60000,0,1,0,1,0,1,0,0,0,0,0,0,1,0,0,0,0,0,1,0,0,0,0
21,2,1,6,70.0,2,3.17,3.39,22,40000,1,0,1,0,0,1,1,0,0,0,0,0,0,1,0,0,0,0,0,0,0,0,1
20,2,1,2,100.0,3,3.82,3.91,23,100000,0,1,0,1,0,0,0,1,0,0,0,0,1,0,0,0,1,0,0,0,0,0,0
22,2,1,4,100.0,0,2.55,2.55,11,40000,1,0,1,0,0,0,1,0,0,0,0,0,1,0,0,0,0,0,0,0,0,1,0
22,2,3,2,92.0,1,3.79,3.89,23,35000,0,1,1,0,0,1,1,1,0,0,0,0,0,1,0,0,0,0,0,0,0,1,0
20,2,1,3,99.0,0,4.0,4.0,10,20000,1,0,1,0,0,1,1,0,0,0,0,0,0,1,0,0,0,0,0,0,0,1,0
23,3,2,2,85.0,2,3.76,3.62,120,33000,0,1,1,0,0,0,0,1,0,0,0,0,0,0,0,1,0,0,1,0,0,0,0
21,5,3,4,100.0,2,3.74,3.91,88,15000,1,0,0,1,0,1,1,0,0,0,0,0,0,0,0,1,0,0,1,0,0,0,0
20,1,1,2,98.0,2,0.0,0.0,0,20000,1,0,1,0,0,1,1,0,0,0,0,0,1,0,0,0,0,0,0,0,0,1,0
20,2,1,1,99.0,2,3.15,3.15,13,20000,1,0,1,0,0,1,1,1,0,0,0,0,0,1,0,0,0,0,0,0,0,1,0
21,2,2,4,100.0,2,3.38,3.2,23,50000,0,1,1,0,0,1,0,0,0,0,0,0,0,1,0,0,0,0,0,0,0,1,0
22,5,2,3,90.0,3,3.98,3.97,58,70000,0,1,1,0,0,0,1,0,0,0,0,0,0,0,0,1,0,0,0,0,0,1,0
22,2,2,1,95.0,1,2.1,2.1,14,25000,1,0,0,1,0,1,1,0,0,0,0,0,0,1,0,0,0,0,0,0,0,1,0
21,3,1,5,80.0,1,2.72,2.25,62,60000,0,1,1,0,0,1,0,0,0,0,0,0,0,0,0,1,1,0,0,0,0,0,0
22,3,1,3,98.0,4,3.3,3.39,23,50000,0,0,0,1,0,1,0,1,1,1,0,0,0,0,0,0,0,0,0,0,0,0,0
21,4,1,2,100.0,3,4.0,3.72,23,30000,0,0,1,0,0,1,1,0,0,0,0,0,0,1,0,0,0,0,0,0,0,1,0
20,2,2,3,90.0,2,3.1,3.1,12,20000,1,0,1,0,0,0,1,0,0,0,0,1,0,0,0,0,0,0,0,1,0,0,0
20,1,1,3,90.0,1,2.56,2.01,23,35000,0,0,1,0,0,1,0,0,0,0,0,0,0,1,0,0,0,0,0,0,0,1,0
20,2,3,12,80.0,1,3.21,3.21,12,30000,0,1,0,1,0,1,0,1,0,0,0,0,1,0,0,0,0,0,0,0,0,1,0
19,6,2,2,95.0,2,0.0,0.0,0,70000,0,1,1,0,0,1,0,1,0,0,0,0,0,1,0,0,0,0,0,0,0,1,0
19,4,2,3,75.0,1,3.38,3.38,14,15000,0,1,0,1,0,0,1,0,0,0,0,0,0,1,0,0,0,0,0,0,0,1,0
19,3,2,2,92.0,1,3.15,3.15,11,50000,1,0,1,0,0,1,0,0,0,0,0,0,0,1,0,0,0,0,0,0,0,1,0
21,1,1,4,95.0,2,3.9,3.9,11,30000,1,0,1,0,0,0,1,0,0,0,0,0,0,1,0,0,0,0,0,0,0,1,0
20,2,1,1,98.0,1,3.95,3.95,12,50000,0,1,1,0,0,1,1,1,0,0,0,0,0,1,0,0,0,0,0,0,0,1,0
20,3,2,3,100.0,1,3.03,3.03,12,90000,0,1,1,0,0,1,0,1,0,0,0,0,0,1,0,0,0,0,0,0,0,0,0
23,7,1,5,60.0,2,2.59,2.56,133,28000,0,1,0,1,0,0,0,1,0,1,0,0,0,0,0,0,0,0,0,0,0,0,0
20,3,1,2,100.0,2,0.0,0.0,0,30000,0,0,1,0,0,1,1,0,0,0,0,0,0,1,0,0,0,0,0,0,0,1,0
19,5,2,4,99.0,3,3.45,3.3,25,25000,0,1,1,0,0,1,0,1,0,0,0,0,0,1,0,0,0,0,0,0,0,1,0
20,1,1,4,85.0,1,3.6,3.6,11,40000,1,0,1,0,0,0,1,1,0,0,0,0,0,1,0,0,0,0,0,0,0,1,0
20,6,2,1,98.0,5,3.53,3.53,11,40000,1,0,1,0,0,0,0,0,0,0,0,0,0,0,0,1,0,0,0,0,0,1,0
20,3,2,2,99.0,1,3.86,3.69,90,50000,0,1,1,0,0,1,0,0,0,0,0,0,0,1,0,0,0,0,1,0,0,0,0
19,3,2,4,100.0,2,3.48,2.4,11,25000,0,0,1,0,0,0,0,1,0,0,0,0,0,1,0,0,0,0,0,0,0,0,0
21,2,1,1,98.0,6,3.7,3.77,54,62488,0,1,1,0,0,0,1,0,0,0,0,0,0,1,0,0,0,0,0,0,0,1,0
20,3,1,1,100.0,2,3.84,3.84,11,50000,0,0,1,0,0,0,0,1,0,0,0,0,0,1,0,0,0,0,0,0,0,1,0
21,6,2,2,100.0,3,3.4,3.29,85,60000,0,1,1,0,0,0,0,1,0,0,0,0,0,0,0,1,0,0,0,0,0,1,0
19,4,2,2,90.0,1,3.43,3.43,14,24000,1,0,1,0,0,0,1,0,0,0,0,0,0,1,0,0,0,0,0,0,0,0,0
21,4,2,2,100.0,12,3.7,3.7,11,30000,0,1,1,0,0,1,0,0,0,0,0,0,0,1,0,0,0,0,0,0,0,1,0
22,4,3,4,85.0,3,3.02,3.2,70,20000,0,0,1,0,0,0,1,1,0,0,0,0,0,1,0,0,1,0,0,0,0,0,0
20,2,1,3,90.0,2,3.48,2.98,23,20000,1,0,1,0,0,0,1,1,0,0,0,0,0,0,0,1,0,0,0,0,0,1,0
20,3,2,2,90.0,2,3.53,3.53,13,40000,0,0,1,0,0,1,1,0,0,0,0,0,0,1,0,0,0,0,0,0,0,1,0
19,4,1,2,90.0,3,3.06,3.41,87,30000,0,0,1,0,0,1,0,1,0,0,0,0,0,1,0,0,1,0,0,0,0,0,0
20,2,1,3,100.0,1,3.9,3.9,11,20000,1,0,1,0,0,0,1,0,0,0,0,0,0,0,0,1,0,0,0,0,0,1,0
20,2,2,4,95.0,0,0.0,0.0,0,50000,0,1,0,1,0,0,0,0,0,0,0,1,0,0,0,0,0,0,0,0,0,1,0
20,3,3,1,99.0,4,3.19,3.37,101,40000,0,1,1,0,0,0,0,1,0,0,0,0,0,0,0,1,0,0,0,0,0,1,0
21,4,2,2,95.0,4,0.13,0.13,11,30000,1,0,0,1,0,0,0,0,0,0,0,0,0,1,0,0,0,0,0,0,0,1,0
22,4,1,2,98.0,2,3.05,3.05,11,20000,1,0,0,1,0,1,0,0,0,0,0,0,0,1,0,0,0,0,0,0,0,0,0
21,3,2,1,99.0,1,4.0,4.0,11,80000,0,0,1,0,0,0,0,1,0,0,0,0,0,1,0,0,0,0,0,0,0,1,0
20,4,1,3,98.0,3,3.75,3.75,11,60000,0,1,1,0,0,1,0,0,0,0,0,0,0,1,0,0,0,0,0,0,0,1,0
22,3,3,2,90.0,4,3.33,3.33,12,20000,0,1,1,0,0,1,1,0,0,0,0,0,0,0,0,1,0,0,0,0,0,1,0
20,4,1,1,80.0,2,2.81,2.81,35,40000,1,0,1,0,0,1,1,0,1,0,0,0,0,0,0,1,0,0,0,1,0,0,0
21,3,3,4,90.0,0,2.18,2.08,11,35000,0,1,0,1,0,1,1,0,0,0,0,0,1,0,0,0,0,0,0,0,0,1,0
21,4,2,1,100.0,2,0.0,0.0,0,30000,0,1,1,0,0,0,1,1,0,0,0,0,1,0,0,0,0,0,0,0,0,1,0
23,0,3,3,70.0,6,3.7,3.75,70,20000,0,1,1,0,0,0,1,1,0,0,0,0,0,0,0,1,0,0,0,0,0,1,0
24,2,1,1,90.0,2,3.62,3.0,140,62488,0,1,0,1,0,0,0,0,0,0,0,1,0,0,0,0,0,1,0,0,0,0,0
20,2,2,3,87.0,1,3.18,3.18,11,35000,1,0,0,1,0,0,1,1,1,0,0,0,0,1,0,0,0,0,0,0,0,1,0
21,3,2,8,98.0,1,3.55,3.59,11,100000,1,0,0,1,0,1,0,1,1,0,0,0,0,1,0,0,0,0,0,0,0,1,0
23,4,2,2,100.0,6,3.58,3.75,23,15000,1,0,1,0,0,1,1,0,0,0,0,0,0,0,0,1,0,0,0,0,0,1,0
22,2,1,8,90.0,3,3.88,3.88,12,10000,1,0,0,1,0,1,1,0,0,0,0,0,0,1,0,0,0,0,0,0,0,1,0
20,2,1,10,90.0,3,3.0,3.0,12,30000,1,0,1,0,0,1,1,0,0,0,0,0,0,1,0,0,0,0,0,0,0,1,0
20,4,2,1,95.0,2,4.0,4.0,11,40000,0,1,1,0,0,1,1,0,0,0,0,0,0,1,0,0,0,0,0,0,0,1,0
22,2,2,1,80.0,3,3.97,3.97,11,30000,1,0,1,0,0,1,1,1,0,0,0,0,0,1,0,0,0,0,0,1,0,0,0
22,3,2,1,75.0,2,3.79,3.69,25,100000,0,1,1,0,0,1,1,1,0,0,0,0,0,1,0,0,0,0,0,0,0,1,0
22,6,2,2,90.0,2,2.96,2.89,111,50000,0,1,1,0,0,0,1,0,0,0,0,0,0,0,0,1,0,0,0,0,0,1,0
21,5,1,3,88.0,3,3.77,3.86,49,30000,0,1,0,1,0,1,1,0,0,0,0,0,0,0,0,1,0,0,0,0,0,1,0
25,1,1,1,90.0,4,3.44,3.48,124,50000,0,1,1,0,0,0,1,0,0,0,0,0,0,0,0,1,0,0,0,0,0,1,0
19,4,3,3,100.0,1,0.0,0.0,0,40000,0,0,0,1,0,1,1,0,0,0,0,0,0,0,0,1,0,0,0,0,0,1,0
21,2,2,2,85.0,1,3.56,3.66,23,25000,0,1,1,0,0,1,0,1,0,0,0,0,0,1,0,0,0,0,0,0,0,1,0
19,3,2,1,100.0,1,3.56,3.56,12,40000,1,0,1,0,0,1,1,1,0,0,0,0,0,1,0,0,0,0,0,0,0,1,0
22,5,2,2,88.0,3,2.48,2.74,23,35000,0,1,1,0,0,1,0,1,0,0,0,0,0,1,0,0,0,0,0,0,0,1,0
20,0,2,3,97.0,1,0.0,0.0,0,35000,1,0,0,1,0,1,0,1,1,0,0,0,1,0,0,0,0,0,0,0,0,1,0
20,1,1,5,80.0,0,3.25,3.2,11,40000,1,0,1,0,0,1,1,1,0,0,0,0,1,0,0,0,0,0,0,0,0,1,0
19,4,2,5,85.0,0,0.0,0.0,0,50000,1,0,1,0,0,1,1,0,0,0,0,0,1,0,0,0,0,0,0,0,0,1,0
22,2,1,3,80.0,2,3.7,3.4,39,50000,0,1,1,0,0,1,1,0,0,0,0,0,0,1,0,0,1,0,0,0,0,0,0
20,1,1,2,100.0,0,3.38,3.58,25,80000,0,1,1,0,0,1,0,0,0,0,0,0,0,1,0,0,1,0,0,0,0,0,0
21,1,2,2,80.0,4,3.78,3.9,49,40000,0,1,1,0,0,1,1,0,0,0,0,0,0,0,0,1,0,0,0,0,0,1,0
24,4,2,3,95.0,2,3.4,3.5,106,20000,0,1,1,0,0,0,0,0,0,0,0,0,0,1,0,0,0,0,1,0,0,0,0
24,2,1,3,80.0,5,2.58,2.93,106,65000,0,1,1,0,0,0,1,0,0,0,0,0,0,1,0,0,0,0,0,0,0,1,0
21,1,1,1,85.0,1,3.96,3.7,85,25000,0,0,0,1,0,0,1,0,0,0,0,0,0,0,0,1,0,0,0,1,0,0,0
21,3,2,2,88.0,2,3.58,3.76,25,40000,0,1,1,0,0,1,0,1,0,0,0,0,0,1,0,0,0,0,0,0,0,1,0
20,2,2,4,99.0,2,3.79,3.91,23,50000,0,1,1,0,0,1,1,0,0,0,0,0,0,1,0,0,0,0,0,0,0,1,0
21,1,2,1,,1,2.17,3.06,44,15000,0,1,1,0,0,0,1,0,0,0,0,0,0,1,0,0,0,1,0,0,0,0,0
22,3,2,2,90.0,4,1.12,1.88,32,60000,0,1,1,0,0,1,1,0,0,0,0,0,0,0,0,1,0,0,0,0,0,1,0
21,4,3,1,99.0,2,3.72,3.67,25,35000,0,1,1,0,0,1,0,1,0,0,0,0,0,1,0,0,0,0,0,0,0,1,0
20,5,3,1,88.0,2,3.55,3.55,11,35000,1,0,1,0,0,0,1,0,0,0,0,0,0,1,0,0,0,0,0,0,0,1,0
22,4,2,2,98.0,2,2.83,2.82,65,25000,0,1,1,0,0,0,0,0,0,0,0,0,0,1,0,0,0,0,0,0,0,1,0
20,2,1,2,95.0,1,3.88,3.88,11,35000,1,0,0,1,0,1,0,1,0,0,0,1,0,0,0,0,0,0,0,0,0,1,0
21,1,1,4,90.0,2,4.0,4.0,12,25000,0,1,0,1,0,1,1,0,0,0,0,1,0,0,0,0,0,0,1,0,0,0,0
21,3,1,3,97.0,1,3.0,3.66,87,150000,0,1,1,0,0,0,0,1,0,0,0,0,0,0,0,1,1,0,0,0,0,0,0
26,8,2,2,90.0,5,2.44,2.44,90,20000,0,1,1,0,0,0,1,1,0,0,0,0,0,0,0,1,0,0,0,0,0,1,0
21,4,2,1,98.0,1,2.82,3.0,23,25000,0,1,1,0,0,1,1,0,0,0,0,0,0,0,0,1,0,0,0,0,0,1,0
21,2,2,1,100.0,2,3.9,3.9,11,50000,0,1,1,0,0,1,0,1,0,0,0,0,0,1,0,0,0,0,0,0,0,1,0
21,5,1,12,98.0,2,3.33,3.33,12,62488,1,0,0,1,0,1,1,0,0,0,0,0,0,1,0,0,0,0,0,0,0,1,0
20,3,3,2,97.0,2,3.7,3.7,11,35000,1,0,1,0,0,0,0,0,0,0,0,0,0,1,0,0,0,0,0,0,0,1,0
20,4,2,3,90.0,1,3.98,3.98,11,25000,0,1,1,0,0,1,1,1,0,0,0,0,0,0,0,1,0,0,0,0,0,1,0
21,2,2,1,100.0,1,3.4,3.8,11,60000,1,0,1,0,0,1,0,0,0,0,0,0,0,0,0,1,0,0,0,0,0,1,0
22,1,1,2,70.0,1,3.81,3.81,11,400000,0,1,1,0,0,1,1,1,0,0,0,0,0,1,0,0,0,0,0,0,0,1,0
23,1,2,3,90.0,0,3.97,3.97,11,25000,0,1,0,1,0,1,0,1,0,0,0,0,0,0,0,1,0,0,0,0,0,1,0
20,8,2,8,90.0,2,3.33,3.33,12,30000,1,0,1,0,0,1,1,1,0,0,0,0,0,1,0,0,0,0,0,0,0,1,0
21,3,1,3,70.0,5,2.68,2.89,23,15000,0,1,0,1,0,1,0,0,0,0,0,0,0,1,0,0,0,0,0,0,0,1,0
20,3,2,2,95.0,1,3.84,3.84,11,30000,0,1,0,1,0,0,0,0,0,0,0,0,0,1,0,0,0,0,0,0,0,1,0
20,2,1,1,75.0,1,3.54,3.69,25,20000,0,0,1,0,0,1,0,0,0,0,0,0,0,1,0,0,0,0,0,1,0,0,0
21,2,2,3,88.0,2,1.78,3.15,20,25000,0,1,1,0,0,0,1,0,0,0,0,0,0,1,0,0,0,0,0,0,0,1,0
19,2,1,3,90.0,1,2.32,2.8,24,35000,0,1,0,1,0,1,1,1,0,0,0,0,0,1,0,0,0,0,0,1,0,0,0
20,3,1,3,90.0,2,4.0,4.0,11,50000,1,0,1,0,0,1,1,0,0,0,0,0,0,1,0,0,0,0,0,0,0,1,0
22,2,2,2,95.0,2,0.0,0.0,0,62488,0,1,0,1,0,0,1,0,0,0,0,0,1,0,0,0,0,0,0,0,0,1,0
20,5,2,1,90.0,2,3.8,3.8,12,20000,1,0,1,0,0,0,1,0,0,0,0,0,0,1,0,0,0,0,0,0,0,1,0
22,0,0,3,100.0,6,2.08,2.91,49,30000,1,0,1,0,0,0,1,1,0,0,0,0,0,0,0,1,0,0,0,0,0,1,0
20,2,3,1,95.0,2,3.05,3.05,12,25000,1,0,1,0,0,0,1,0,0,0,0,0,0,1,0,0,0,0,0,0,0,1,0
21,3,2,5,90.0,0,3.45,3.45,12,30000,0,0,1,0,0,1,1,1,0,0,0,0,0,1,0,0,0,0,0,0,0,1,0
19,1,2,3,98.0,2,0.0,0.0,0,20000,1,0,1,0,0,0,0,1,0,0,0,0,1,0,0,0,0,0,0,0,0,1,0
20,4,2,3,96.0,2,2.73,2.73,12,20000,1,0,1,0,0,1,1,1,0,0,0,0,0,1,0,0,0,0,0,0,0,1,0
22,1,1,2,80.0,3,3.2,3.29,132,40000,0,1,1,0,0,0,1,0,0,0,0,0,0,0,0,1,0,0,0,0,0,1,0
20,6,2,2,100.0,2,3.96,3.94,85,100000,0,1,1,0,0,1,0,0,0,0,0,0,0,0,0,1,0,0,0,0,0,1,0
22,0,2,6,60.0,0,3.56,3.69,87,40000,0,1,1,0,0,1,1,1,0,0,0,0,1,0,0,0,0,0,0,0,0,1,0
23,2,1,8,100.0,1,0.0,0.0,0,40000,1,0,1,0,0,1,1,1,0,0,0,1,0,0,0,0,0,0,0,0,0,1,0
19,2,1,1,100.0,1,3.89,3.89,11,70000,1,0,1,0,0,1,0,1,0,0,0,0,0,1,0,0,0,0,0,0,0,1,0
20,2,1,7,100.0,1,0.0,0.0,0,15000,0,1,1,0,0,1,0,1,0,0,0,1,0,0,0,0,0,0,0,0,0,1,0
26,4,3,3,50.0,1,3.89,3.36,23,80000,1,0,1,0,0,1,0,0,0,0,0,0,0,1,0,0,0,0,0,0,0,1,0
20,3,1,2,10.0,1,3.68,3.68,14,24000,1,0,1,0,0,1,1,1,0,0,0,0,0,1,0,0,0,0,0,0,1,0,0
19,1,2,3,100.0,2,0.0,0.0,0,20000,0,1,1,0,0,1,1,1,0,0,0,0,1,0,0,0,0,0,0,0,0,1,0
19,5,2,2,98.0,2,2.93,2.93,11,35000,0,1,1,0,0,1,1,1,0,0,0,0,0,1,0,0,0,0,0,0,0,1,0
20,4,3,2,100.0,2,3.81,3.81,12,50000,1,0,1,0,0,1,1,0,0,0,0,0,0,1,0,0,0,0,0,0,0,1,0
19,3,2,2,98.0,1,3.37,3.37,11,25000,0,1,0,1,0,0,0,1,1,0,0,0,0,1,0,0,0,0,0,0,0,1,0
19,3,1,3,100.0,1,3.25,3.25,10,62488,0,1,1,0,0,1,1,0,0,0,0,0,0,1,0,0,0,0,0,0,1,0,0
20,3,2,3,85.0,2,2.89,2.89,11,30000,1,0,1,0,0,1,1,0,0,0,0,0,0,1,0,0,0,0,0,0,0,0,0
22,2,1,3,95.0,1,1.45,1.45,11,40000,1,0,0,1,0,0,1,0,0,0,0,0,0,0,0,1,0,0,0,0,0,1,0
20,2,2,4,98.0,2,3.73,3.73,11,35000,0,1,1,0,0,0,1,1,0,0,0,0,1,0,0,0,0,0,0,0,0,1,0
20,2,2,1,92.0,4,3.18,3.18,11,25000,0,1,1,0,0,1,1,0,0,0,0,0,0,0,0,1,0,0,0,0,0,1,0
22,5,2,4,99.0,1,3.5,3.7,100,30000,0,1,1,0,0,0,0,1,0,0,0,0,0,0,0,1,0,0,0,0,0,1,0
19,1,1,2,90.0,1,2.9,2.9,11,60000,1,0,0,1,0,1,1,0,0,0,0,0,0,1,0,0,0,0,0,0,0,1,0
18,6,3,2,95.0,2,3.48,3.48,12,25000,1,0,1,0,0,1,1,0,0,0,0,0,0,0,0,1,0,0,0,0,0,1,0
20,3,2,4,95.0,3,3.6,3.6,11,25000,1,0,1,0,0,1,1,0,0,0,0,0,0,0,0,1,0,0,0,0,1,0,0
21,2,3,2,90.0,4,3.13,3.17,11,40000,1,0,1,0,0,0,1,0,0,0,0,0,0,0,0,1,0,0,0,0,0,1,0
21,3,2,2,90.0,2,1.42,1.42,5,50000,1,0,1,0,0,1,1,0,0,0,0,0,0,1,0,0,0,0,0,0,0,1,0
19,2,1,1,88.0,2,3.13,3.13,11,40000,0,1,1,0,0,1,1,1,0,0,0,0,0,0,0,1,0,0,0,0,0,1,0
20,3,2,2,100.0,1,3.85,3.85,12,30000,0,1,1,0,0,1,1,0,0,0,0,0,0,1,0,0,0,0,0,0,0,1,0
21,4,2,1,100.0,1,3.6,3.6,11,35000,0,1,0,1,0,1,1,1,0,0,0,0,0,1,0,0,0,0,0,0,0,1,0
18,2,2,1,100.0,1,3.54,3.54,11,14000,0,1,1,0,0,1,0,0,0,0,0,0,0,1,0,0,0,0,0,0,0,1,0
20,1,1,4,88.0,3,3.54,3.55,11,62488,1,0,1,0,0,1,1,0,0,0,0,0,0,1,0,0,0,0,0,0,0,1,0
19,3,2,4,95.0,6,2.1,2.1,12,10000,0,1,1,0,0,0,1,0,0,0,0,0,0,1,0,0,0,0,0,0,0,1,0
20,3,2,5,90.0,1,2.5,2.5,12,25000,1,0,1,0,0,1,1,0,0,0,0,0,0,1,0,0,0,0,0,0,0,1,0
24,7,1,1,90.0,5,3.31,3.76,139,30000,0,1,1,0,0,1,1,0,0,0,0,0,0,0,0,1,0,0,0,0,0,1,0
21,1,2,4,85.0,0,3.75,3.75,12,50000,0,0,1,0,0,0,1,0,0,1,0,0,0,0,0,0,0,0,0,0,0,1,0
21,6,3,2,98.0,3,3.7,3.7,13,25000,0,1,0,1,0,1,1,0,0,0,0,0,0,1,0,0,0,0,0,0,0,1,0
21,3,3,1,97.0,3,3.5,3.5,13,33000,0,1,0,1,0,0,1,0,0,0,0,0,0,1,0,0,0,0,1,0,0,0,0
20,3,2,4,90.0,2,3.7,3.7,11,60000,1,0,1,0,0,1,0,1,0,0,0,0,0,1,0,0,0,1,0,0,0,0,0
20,3,1,3,70.0,2,3.24,3.24,11,40000,1,0,1,0,0,1,1,0,0,0,0,0,0,1,0,0,0,0,0,0,0,1,0
22,2,1,2,99.0,1,2.3,2.8,113,60000,0,1,1,0,0,0,0,1,0,0,0,0,0,1,0,0,0,0,0,0,0,1,0
22,2,1,3,70.0,2,3.87,3.6,141,70000,0,1,1,0,0,0,0,0,0,0,0,0,0,0,0,1,0,0,1,0,0,0,0
22,3,2,4,37.0,1,3.24,3.5,27,25000,0,1,1,0,0,1,1,1,1,0,0,0,0,1,0,0,0,0,0,0,0,0,0
19,3,2,3,85.0,2,3.65,3.65,11,62488,1,0,1,0,0,0,1,0,0,0,0,0,0,1,0,0,0,0,0,0,0,1,0
21,4,2,3,80.0,2,3.52,3.5,21,25000,0,1,1,0,0,1,1,0,0,0,0,0,0,1,0,0,0,0,0,0,0,1,0
20,3,1,2,95.0,4,2.73,2.73,11,21000,1,0,1,0,0,1,1,0,0,0,0,0,0,1,0,0,0,0,0,0,0,1,0
24,3,2,1,90.0,2,3.79,3.88,23,13000,1,0,1,0,0,1,1,0,0,0,0,0,0,1,0,0,0,0,0,0,0,1,0
23,2,1,2,70.0,0,3.96,3.91,116,30000,1,0,1,0,0,1,0,0,0,0,0,0,1,0,0,0,0,0,0,0,0,1,0
20,5,2,2,90.0,1,3.15,3.15,11,60000,1,0,1,0,0,0,0,1,0,0,0,0,0,0,0,1,0,0,0,0,0,1,0
21,7,2,1,100.0,2,3.4,3.4,12,15000,0,1,0,1,0,0,0,1,0,0,0,0,0,1,0,0,0,0,0,0,0,1,0
22,2,2,1,90.0,2,3.49,3.39,126,20000,0,1,1,0,0,0,0,1,0,0,0,0,0,0,0,1,0,0,0,0,0,1,0
23,6,2,1,100.0,2,3.85,3.85,12,30000,0,1,1,0,0,0,1,1,0,0,0,0,0,1,0,0,0,0,0,0,0,1,0
21,4,2,1,90.0,2,2.02,2.4,71,35000,0,1,1,0,0,0,1,1,0,0,0,0,0,0,0,1,0,0,0,0,0,1,0
26,5,3,3,50.0,2,3.89,3.38,23,80000,1,0,1,0,0,1,0,0,0,0,0,0,0,1,0,0,0,0,0,0,0,1,0
22,2,1,2,90.0,3,3.93,3.93,12,55000,0,1,1,0,0,1,1,1,0,0,0,0,1,0,0,0,0,0,0,0,0,1,0
20,5,2,2,99.0,1,3.9,3.9,11,20000,1,0,1,0,0,0,0,1,0,0,0,0,0,1,0,0,0,0,1,0,0,0,0
20,3,3,3,95.0,1,3.47,3.47,12,30000,0,1,1,0,0,1,1,1,0,0,0,0,0,1,0,0,0,0,0,0,0,1,0
20,2,2,2,90.0,1,3.7,3.7,12,30000,0,1,1,0,0,0,0,1,0,0,0,0,1,0,0,0,0,0,0,0,0,1,0
20,4,1,2,100.0,2,3.45,3.45,11,20000,0,1,0,1,0,1,1,1,0,0,0,0,0,1,0,0,0,0,0,0,0,1,0
22,3,2,2,98.0,1,3.73,3.73,11,100000,0,1,1,0,0,1,1,1,0,0,0,0,0,1,0,0,0,0,0,0,0,1,0
21,4,4,2,95.0,3,3.73,3.68,26,35000,0,1,0,1,0,1,1,1,1,0,0,0,0,0,0,1,0,0,0,0,0,1,0
22,3,2,1,95.0,2,3.65,3.65,11,20000,0,1,1,0,0,1,0,1,0,0,0,0,0,1,0,0,0,0,0,0,0,1,0
21,4,2,3,100.0,2,3.45,3.45,11,35000,1,0,1,0,0,1,0,1,0,0,0,0,0,1,0,0,0,0,0,0,0,1,0
21,4,2,3,100.0,2,2.58,2.58,11,35000,1,0,1,0,0,1,1,1,0,0,0,0,0,1,0,0,0,0,0,0,0,1,0
20,4,2,2,98.0,5,1.87,3.5,32,20000,0,0,0,1,0,1,0,0,0,0,0,0,0,1,0,0,0,0,0,0,0,1,0
21,1,1,2,93.0,1,2.68,3.15,77,40000,0,1,1,0,0,0,1,0,0,0,0,0,0,0,0,1,0,0,0,0,0,1,0
20,4,2,1,98.0,3,3.96,3.99,76,25000,0,1,1,0,0,1,0,1,0,0,0,0,0,1,0,0,0,0,0,0,0,1,0
22,4,2,1,90.0,2,3.68,3.73,84,62488,0,1,0,1,0,1,1,1,0,0,0,0,0,0,0,1,0,0,0,0,0,1,0
20,5,2,10,50.0,2,3.35,2.3,90,50000,1,0,1,0,0,1,1,0,0,0,0,0,0,1,0,0,0,0,0,0,0,1,0
22,4,2,4,90.0,6,2.04,2.86,93,50000,0,1,1,0,0,0,1,1,0,0,0,0,0,0,0,1,0,0,0,0,0,1,0
21,0,1,2,95.0,1,3.74,3.67,90,30000,0,0,1,0,0,1,1,1,0,0,0,0,0,0,0,1,0,0,0,0,0,1,0
21,4,2,2,95.0,1,3.75,3.75,110,250000,0,1,1,0,0,0,0,0,0,0,0,0,0,1,0,0,0,0,0,0,0,1,0
22,2,3,1,90.0,2,3.3,3.26,86,50000,0,1,1,0,0,0,0,0,0,0,0,0,0,1,0,0,1,0,0,0,0,0,0
23,5,3,4,98.0,3,3.72,3.45,90,25000,0,1,0,1,0,1,1,0,0,0,0,0,0,1,0,0,0,0,0,1,0,0,0
24,4,2,3,88.0,2,3.21,3.42,85,40000,0,1,1,0,0,0,1,0,0,0,0,0,0,1,0,0,0,0,1,0,0,0,0
21,1,1,3,97.0,0,3.64,3.65,76,60000,0,1,1,0,0,1,0,1,0,0,0,0,1,0,0,0,0,0,0,0,0,0,0
22,3,1,5,90.0,2,2.86,3.42,87,50000,0,0,0,1,0,1,0,1,0,0,0,0,1,0,0,0,0,0,0,1,0,0,0
22,4,2,1,90.0,2,3.78,3.88,93,30000,0,1,1,0,0,1,1,1,0,0,0,0,0,1,0,0,0,0,0,0,0,1,0
24,5,2,5,99.0,2,2.66,2.76,115,50000,1,0,1,0,0,0,1,1,0,0,0,0,0,0,1,0,0,0,0,0,0,1,0
21,2,2,3,90.0,1,3.04,2.87,85,100000,0,0,1,0,0,0,0,1,0,0,0,0,0,1,0,0,0,0,0,0,0,1,0
20,1,1,4,80.0,1,1.76,2.55,64,35000,0,1,1,0,0,0,1,0,0,0,0,0,0,1,0,0,0,0,0,0,0,1,0
22,3,3,2,98.0,2,3.15,3.71,84,5000,0,0,1,0,0,1,1,1,0,0,0,0,0,0,0,1,0,0,0,0,0,1,0
22,2,2,1,100.0,4,4.0,3.62,86,50000,0,1,1,0,0,1,1,1,0,0,0,0,0,1,0,0,0,0,0,0,0,1,0
20,3,1,2,100.0,3,3.58,3.58,14,45000,0,1,1,0,0,0,0,1,0,0,0,0,0,1,0,0,0,0,0,0,0,1,0
21,6,2,2,88.0,2,3.4,3.4,11,30000,0,1,0,1,0,0,1,1,0,0,0,0,0,1,0,0,0,0,0,0,0,1,0
22,2,1,16,78.0,2,2.44,2.77,76,30000,0,0,0,1,0,0,1,1,0,0,0,0,0,1,0,0,0,0,0,0,0,1,0
22,6,3,1,97.0,1,3.94,3.91,75,40000,0,0,1,0,0,1,1,1,0,0,0,0,0,0,0,1,0,0,0,0,0,1,0
24,3,1,1,80.0,0,3.0,2.85,90,50000,0,1,0,1,0,1,1,0,0,0,0,0,1,0,0,0,0,0,0,0,1,0,0
21,1,1,3,85.0,1,3.32,3.27,88,50000,0,1,0,1,0,1,0,1,0,0,0,0,0,1,0,0,0,0,0,0,0,1,0
22,2,1,5,90.0,2,2.8,2.8,11,30000,1,0,1,0,0,1,1,1,0,0,0,0,0,1,0,0,0,0,0,0,0,1,0
22,3,2,3,99.0,2,3.39,3.33,70,40000,0,1,1,0,0,0,0,0,0,0,0,0,0,0,0,1,0,0,0,0,0,0,0
20,1,1,2,95.0,1,4.0,4.0,12,40000,0,1,1,0,0,0,1,0,0,0,0,0,0,1,0,0,0,0,0,0,0,1,0
26,1,1,1,100.0,2,3.2,3.44,117,40000,0,1,1,0,0,1,0,1,0,0,0,1,0,0,0,0,0,1,0,0,0,0,0
21,2,2,2,88.0,1,3.31,2.9,70,20000,0,1,1,0,0,1,0,0,0,0,0,0,0,1,0,0,1,0,0,0,0,0,0
23,5,2,4,85.0,1,2.96,3.06,136,20000,0,1,1,0,0,0,1,1,0,0,0,0,0,0,0,1,0,0,0,0,0,1,0
20,3,2,4,100.0,2,3.68,3.68,11,35000,1,0,1,0,0,1,1,1,0,0,0,0,0,1,0,0,0,0,0,0,0,1,0
20,4,2,6,100.0,2,3.78,3.78,11,4000,1,0,1,0,0,0,0,1,0,0,0,0,0,1,0,0,0,0,0,0,0,1,0
21,4,3,1,95.0,3,3.87,3.68,86,15000,0,1,0,1,0,1,1,0,0,0,0,0,0,1,0,0,0,0,0,0,0,1,0
21,10,2,2,95.0,2,2.68,2.47,25,40000,1,0,1,0,0,1,1,1,0,0,0,0,0,1,0,0,0,0,0,1,0,0,0
21,3,2,2,90.0,1,3.9,3.9,11,20000,0,1,1,0,0,1,1,1,0,0,0,0,0,1,0,0,0,0,0,0,0,1,0
24,2,1,2,90.0,4,2.65,2.97,130,62488,0,0,1,0,0,0,1,0,0,0,0,0,0,0,0,1,0,1,0,0,0,0,0
22,2,1,3,87.0,1,3.29,3.65,100,100000,0,1,1,0,0,0,1,0,0,0,0,0,0,1,0,0,0,0,0,0,1,0,0
20,3,2,2,97.0,2,3.14,3.62,95,48400,0,1,1,0,0,0,0,1,0,0,0,0,0,0,0,1,0,0,1,0,0,0,0
24,4,2,8,80.0,10,3.15,3.39,140,30000,0,1,0,1,0,0,1,0,0,0,0,0,0,0,0,1,0,0,0,0,0,1,0
21,2,2,2,100.0,3,3.46,3.55,88,80000,0,1,1,0,0,1,0,1,0,0,0,0,0,0,0,1,0,0,0,0,0,1,0
22,1,1,3,99.0,0,3.32,3.17,85,40000,0,1,1,0,0,0,0,0,0,0,0,0,0,0,1,0,0,0,0,0,0,1,0
21,3,1,4,95.0,2,3.21,3.36,76,25000,0,1,1,0,0,1,0,1,0,0,0,0,0,1,0,0,0,0,0,0,0,1,0
19,5,2,2,100.0,4,3.93,3.93,11,15000,1,0,1,0,0,1,1,0,0,0,0,0,0,1,0,0,0,0,0,0,0,0,0
24,6,2,1,90.0,3,3.94,3.76,130,40000,0,1,1,0,0,0,1,0,0,0,0,0,0,0,0,1,0,0,0,0,0,1,0
22,4,2,3,95.0,2,2.87,2.31,24,200000,0,1,1,0,0,0,0,0,0,0,0,0,0,1,0,0,0,0,0,0,0,1,0
21,3,3,2,100.0,2,3.31,3.27,49,30000,1,0,1,0,0,0,1,0,0,0,0,0,0,1,0,0,0,0,0,0,0,1,0
19,5,2,1,99.0,1,4.0,4.0,11,35000,0,1,1,0,0,1,0,1,1,0,0,0,0,1,0,0,0,0,0,0,0,1,0
20,0,0,4,100.0,1,4.0,4.0,12,20000,1,0,1,0,0,1,1,0,0,0,0,0,0,1,0,0,0,0,0,0,0,1,0
20,1,1,2,75.0,1,2.08,2.68,20,50000,0,1,0,1,0,1,1,0,0,0,0,0,0,1,0,0,0,0,1,0,0,0,0
22,6,2,3,80.0,2,2.62,2.64,18,5000,1,0,1,0,0,0,0,1,0,0,0,0,0,1,0,0,0,0,0,0,0,1,0
19,2,1,8,100.0,2,3.89,3.89,12,35000,1,0,1,0,0,1,1,1,0,0,0,0,0,0,0,1,0,0,0,0,0,1,0
23,2,1,8,70.0,1,2.75,2.88,111,70000,0,0,1,0,0,0,0,1,0,0,0,1,0,0,0,0,0,0,1,0,0,0,0
22,5,2,2,98.0,3,4.0,3.97,87,30000,0,1,1,0,0,0,1,0,0,0,0,0,0,0,0,1,0,0,0,0,0,1,0
22,3,2,2,95.0,2,3.57,3.57,90,40000,0,1,1,0,0,1,1,0,0,0,0,0,0,0,0,1,0,0,0,0,0,1,0
22,2,1,2,98.0,0,3.19,3.41,90,62488,0,1,0,1,0,1,0,0,0,0,0,0,0,0,1,0,0,0,0,0,0,1,0
23,8,2,2,99.0,3,3.6,3.9,130,24000,0,1,1,0,0,1,1,0,0,0,0,0,0,0,0,1,0,0,0,0,0,1,0
20,6,2,6,85.0,3,2.88,2.88,68,100000,0,1,1,0,0,0,0,1,0,0,0,0,0,0,1,0,0,0,0,0,0,1,0
20,3,2,6,90.0,2,2.74,2.74,23,20000,1,0,1,0,0,1,1,0,0,0,0,0,0,1,0,0,0,0,0,0,0,1,0
20,5,3,3,50.0,3,1.41,2.55,25,10000,1,0,1,0,0,0,0,1,0,0,0,0,0,1,0,0,0,1,0,0,0,0,0
22,5,2,3,100.0,2,3.42,3.32,122,40000,0,1,1,0,0,0,0,0,0,0,0,0,0,0,0,1,0,0,1,0,0,0,0
22,5,2,3,99.0,2,3.1,3.08,118,40000,0,1,1,0,0,0,0,0,0,0,0,0,0,0,0,1,0,0,1,0,0,0,0
21,2,1,1,90.0,2,3.96,3.86,87,120000,0,0,1,0,0,1,1,0,0,0,0,0,0,1,0,0,0,0,1,0,0,0,0
20,3,2,2,70.0,1,3.29,3.29,11,40000,0,1,1,0,0,1,1,0,0,0,0,0,0,1,0,0,1,0,0,0,0,0,0
22,3,3,3,100.0,2,3.75,3.75,12,50000,1,0,1,0,0,1,0,1,0,0,0,0,0,1,0,0,0,0,0,0,0,1,0
21,5,2,2,100.0,2,3.66,3.8,87,50000,0,1,1,0,0,1,0,0,0,0,0,0,0,1,0,0,0,0,0,0,0,1,0
20,2,3,1,97.0,2,0.0,0.0,0,45000,1,0,1,0,0,1,0,1,0,0,0,0,0,1,0,0,0,0,0,1,0,0,0
21,4,2,1,90.0,2,3.88,3.71,92,30000,0,1,1,0,0,1,1,0,0,1,0,0,0,0,0,0,0,0,0,1,0,0,0
22,2,1,1,90.0,2,4.0,3.89,75,30000,0,1,1,0,0,1,1,1,0,0,0,0,0,1,0,0,0,0,0,0,0,1,0
21,2,2,3,90.0,2,3.64,3.42,100,18000,0,1,1,0,0,1,1,1,0,0,0,0,0,0,0,1,0,0,0,0,0,1,0
25,2,2,3,90.0,2,2.4,2.41,86,50000,0,1,1,0,0,1,1,1,0,0,0,0,0,1,0,0,0,0,0,0,0,1,0
20,2,1,3,90.0,2,2.67,2.67,12,25000,1,0,0,1,0,0,0,0,0,0,0,0,0,1,0,0,0,0,0,0,0,1,0
22,4,2,3,80.0,3,2.86,2.86,15,50000,1,0,0,1,0,1,0,0,0,0,0,0,0,1,0,0,0,0,0,0,0,1,0
20,1,1,2,80.0,1,2.63,3.07,27,25000,0,1,0,1,0,1,1,0,0,0,0,0,0,1,0,0,0,0,0,0,0,1,0
21,3,2,1,96.0,2,3.48,3.74,87,20000,0,1,0,1,0,0,0,1,0,0,0,0,0,0,0,1,0,0,1,0,0,0,0
19,1,1,4,99.0,1,3.75,3.75,12,30000,0,1,1,0,0,1,1,1,0,0,0,0,0,1,0,0,0,0,0,0,0,1,0
21,2,1,1,95.0,2,3.94,3.88,90,30000,0,1,1,0,0,1,1,1,0,0,0,0,0,1,0,0,0,0,0,0,0,1,0
21,2,1,5,100.0,1,0.0,0.0,0,40000,0,1,1,0,0,1,0,1,0,0,0,1,0,0,0,0,0,0,0,0,0,1,0
20,2,1,2,99.0,2,4.0,4.0,13,62488,1,0,1,0,0,1,0,0,0,0,0,0,0,1,0,0,0,0,0,0,0,1,0
21,2,2,2,80.0,1,3.5,3.63,87,90000,0,1,0,1,0,1,0,0,0,0,0,0,0,0,0,1,0,0,0,0,0,1,0
19,3,1,2,85.0,1,1.91,1.75,6,300000,1,0,1,0,0,1,1,0,0,1,0,0,0,0,0,0,0,0,0,0,0,1,0
20,2,2,1,90.0,1,3.85,3.85,11,30000,1,0,1,0,0,1,1,1,0,0,0,0,1,0,0,0,0,0,0,0,0,1,0
22,1,1,2,95.0,2,1.97,2.77,85,40000,1,0,1,0,0,0,1,1,0,0,0,0,1,0,0,0,0,0,1,0,0,0,0
20,2,1,2,98.0,3,3.51,3.51,11,40000,0,1,1,0,0,1,1,1,0,0,0,0,0,1,0,0,0,0,0,0,0,1,0
21,3,2,2,95.0,2,3.85,3.85,11,20000,1,0,1,0,0,0,1,0,0,0,0,0,0,1,0,0,0,0,0,0,0,0,0
20,3,3,5,90.0,2,4.0,4.0,11,50000,1,0,1,0,0,1,0,1,0,0,0,0,0,1,0,0,0,0,0,0,0,1,0
19,4,2,1,90.0,1,3.21,3.21,11,40000,1,0,1,0,0,0,1,0,0,0,0,0,0,1,0,0,0,0,0,0,0,0,0
22,3,2,2,95.0,2,3.15,3.65,84,50000,0,1,1,0,0,1,0,0,0,0,0,0,0,0,1,0,0,1,0,0,0,0,0
21,4,3,1,80.0,1,3.1,3.1,14,20000,1,0,0,1,0,1,1,0,0,0,0,0,0,1,0,0,0,0,0,0,0,1,0
23,1,1,2,90.0,3,3.22,3.47,95,13500,0,1,1,0,0,1,1,0,0,0,0,0,1,0,0,0,0,0,1,0,0,0,0
22,3,2,4,70.0,2,3.52,3.77,23,25000,0,1,1,0,0,1,0,1,0,0,0,0,0,1,0,0,0,0,1,0,0,0,0
20,2,2,2,85.0,1,3.24,3.32,23,80000,0,1,1,0,0,1,0,0,0,0,0,0,0,1,0,0,0,0,0,0,0,1,0
23,10,3,2,90.0,4,3.94,3.95,126,25000,0,1,0,1,0,0,1,1,1,0,0,0,0,1,0,0,0,0,0,0,0,1,0
22,4,1,7,80.0,1,2.5,2.85,90,70000,0,1,1,0,0,0,0,0,0,0,0,0,1,0,0,0,0,0,1,0,0,0,0
21,3,1,3,88.0,5,2.65,2.85,70,35000,1,0,0,1,0,0,0,1,0,0,0,0,1,0,0,0,0,0,0,1,0,0,0
20,1,4,6,80.0,1,2.91,2.91,11,25000,0,1,1,0,0,1,1,1,0,0,0,0,0,0,1,0,0,0,0,0,0,1,0
26,5,4,1,100.0,1,3.22,2.83,103,25000,0,1,1,0,0,0,1,1,0,0,0,0,0,1,0,0,0,0,0,0,0,1,0
21,1,1,1,100.0,1,3.67,3.48,75,62488,1,0,1,0,0,1,1,1,0,0,0,0,0,0,0,1,0,0,0,0,0,1,0
21,1,2,2,99.0,2,4.0,4.0,12,30000,0,1,1,0,0,1,0,0,0,0,0,0,0,1,0,0,0,0,0,0,0,1,0
21,3,1,5,95.0,1,3.92,3.92,12,35000,1,0,1,0,0,1,1,1,0,0,0,0,0,1,0,0,0,0,1,0,0,0,0
23,6,2,6,90.0,5,3.02,3.05,123,40000,0,0,1,0,0,0,1,0,0,0,0,0,0,0,0,1,0,0,0,0,0,0,1
21,13,2,1,100.0,2,3.77,3.69,88,5000,0,0,1,0,0,0,0,1,0,0,0,0,0,1,0,0,0,0,0,1,0,0,0
21,2,1,3,96.0,1,3.89,3.7,35,90000,0,1,1,0,0,0,1,1,0,0,0,0,0,1,0,0,0,0,0,0,0,1,0
25,4,3,1,90.0,2,3.06,2.86,140,40000,0,1,1,0,0,0,0,1,0,0,0,1,0,0,0,0,0,0,0,0,0,1,0
21,1,2,4,57.0,3,3.66,3.01,77,45000,0,1,0,1,0,0,1,1,0,0,0,0,0,1,0,0,0,0,0,0,0,1,0
22,3,1,3,100.0,4,2.15,2.54,70,25000,1,0,1,0,0,1,0,1,0,0,0,1,0,0,0,0,0,0,0,1,0,0,0
24,1,1,1,85.0,2,3.39,3.29,90,40000,0,1,1,0,0,1,1,1,0,0,0,0,0,1,0,0,0,0,0,0,0,1,0
22,2,1,2,95.0,1,3.78,3.54,125,60000,0,1,1,0,0,0,0,0,0,0,0,0,0,0,0,1,0,0,0,0,0,1,0
25,6,3,4,90.0,4,3.51,3.51,143,100000,0,1,1,0,0,0,1,1,0,0,0,0,0,0,1,0,0,0,0,0,0,1,0
22,1,1,2,60.0,1,2.92,2.9,58,62488,0,1,0,1,0,0,1,1,0,0,0,0,0,1,0,0,0,1,0,0,0,0,0
21,5,2,3,90.0,2,2.13,2.45,87,40000,0,0,1,0,0,0,0,1,0,0,0,1,0,0,0,0,0,0,0,1,0,0,0
22,2,1,2,80.0,1,3.4,2.8,80,35000,0,1,0,1,0,0,1,0,0,0,0,0,0,1,0,0,0,0,0,0,0,1,0
20,3,2,2,98.0,1,0.0,0.0,0,30000,0,1,1,0,0,1,0,1,0,0,0,0,0,1,0,0,0,0,0,0,0,1,0
21,2,2,1,80.0,3,3.4,3.5,87,40000,0,1,0,1,0,1,0,1,0,0,1,0,0,0,0,0,0,0,1,0,0,0,0
20,1,1,1,100.0,1,2.59,3.01,24,40000,1,0,1,0,0,0,1,1,0,0,0,0,1,0,0,0,0,0,0,0,0,1,0
21,2,1,3,97.0,1,3.78,3.77,87,15000,0,1,1,0,0,1,0,0,0,0,0,0,0,1,0,0,0,0,0,0,0,1,0
20,2,1,10,95.0,2,1.75,1.75,11,30000,1,0,1,0,0,1,1,1,0,0,0,0,0,1,0,0,0,0,0,0,0,1,0
22,0,0,2,98.0,0,3.4,3.65,75,50000,0,1,0,1,0,0,1,0,0,0,0,0,0,1,0,0,0,1,0,0,0,0,0
21,7,2,3,99.0,1,1.52,1.64,8,60000,1,0,1,0,0,1,0,0,0,0,0,0,0,1,0,0,0,1,0,0,0,0,0
22,2,1,4,90.0,3,3.66,3.37,123,60000,0,0,0,1,0,0,0,1,0,0,0,0,0,1,0,0,0,0,0,1,0,0,0
20,1,3,2,90.0,3,3.5,3.12,90,25000,0,1,1,0,0,0,1,0,0,0,0,0,0,0,0,1,0,0,0,0,1,0,0
23,2,1,4,70.0,2,3.59,3.55,123,50000,0,1,1,0,0,0,0,1,0,0,0,0,0,1,0,0,0,0,0,0,0,1,0
20,4,2,3,100.0,3,3.03,3.03,23,7000,1,0,1,0,0,1,1,0,0,0,0,0,0,1,0,0,0,0,0,0,0,1,0
23,2,3,2,90.0,1,3.94,3.9,91,20000,1,0,0,1,0,1,1,0,0,0,0,0,0,1,0,0,0,0,0,0,0,1,0
21,3,2,2,95.0,3,4.0,4.0,12,40000,0,1,1,0,0,1,1,1,0,0,0,0,0,1,0,0,0,1,0,0,0,0,0
22,3,2,4,97.0,3,3.49,3.44,80,45000,0,1,1,0,0,0,0,1,0,0,0,0,0,1,0,0,0,1,0,0,0,0,0
21,1,3,1,90.0,1,3.0,3.1,87,30000,0,1,0,1,0,1,0,1,0,1,0,0,0,0,0,0,0,0,0,0,0,0,1
24,3,2,1,91.0,6,3.45,3.34,117,19000,0,1,1,0,0,0,1,1,0,0,0,0,0,0,0,1,0,1,0,0,0,0,0
20,2,1,4,90.0,2,3.58,3.5,72,50000,0,1,0,1,0,0,1,0,0,0,0,0,0,1,0,0,0,0,0,1,0,0,0
21,4,3,3,80.0,1,2.96,2.61,96,100000,0,0,1,0,0,0,0,0,0,0,0,0,0,1,0,0,0,0,0,1,0,0,0
21,2,1,2,90.0,1,3.38,3.53,24,40000,0,1,1,0,0,1,0,0,0,0,0,0,0,1,0,0,0,0,0,0,0,1,0
20,2,1,3,95.0,1,3.12,3.07,24,50000,0,1,1,0,0,1,0,0,0,0,0,0,0,1,0,0,0,0,0,0,0,1,0
24,3,1,2,98.0,2,2.86,2.88,133,30000,1,0,1,0,0,0,1,0,0,0,0,0,0,1,0,0,0,0,0,0,0,0,1
20,4,2,1,90.0,1,3.1,3.27,88,45000,1,0,1,0,0,0,0,0,0,0,0,0,0,0,0,1,1,0,0,0,0,0,0
23,1,2,1,95.0,2,3.92,3.92,11,20000,0,1,1,0,0,1,1,1,0,0,0,0,0,1,0,0,0,0,0,0,0,1,0
24,3,3,5,95.0,2,2.76,2.64,136,25000,0,0,1,0,0,0,1,0,0,0,0,0,0,1,0,0,0,0,0,0,0,1,0
22,2,1,6,70.0,1,3.52,3.78,112,62488,0,1,0,1,0,1,0,0,0,0,0,0,1,0,0,0,0,0,1,0,0,0,0
23,3,2,1,90.0,3,4.0,3.9,123,25000,0,1,1,0,0,1,1,0,0,0,0,0,0,0,0,1,0,0,0,0,0,1,0
23,3,1,3,90.0,2,3.84,3.78,90,62488,0,0,1,0,0,1,1,1,0,0,0,0,0,1,0,0,0,0,1,0,0,0,0
22,1,1,6,86.0,2,3.44,3.46,125,300000,0,1,1,0,0,0,0,1,0,0,0,0,0,1,0,0,0,0,0,0,0,1,0
21,3,3,2,99.0,1,3.11,3.0,105,62488,1,0,1,0,0,0,1,1,0,0,0,0,0,1,0,0,0,0,0,0,0,1,0
21,4,1,2,100.0,1,2.98,2.98,11,30000,1,0,1,0,0,1,1,1,0,0,0,0,0,1,0,0,0,0,0,0,0,1,0
20,3,2,6,100.0,3,3.43,3.43,12,25000,1,0,1,0,0,1,1,0,0,0,0,0,0,1,0,0,0,0,0,0,0,1,0
21,9,3,3,90.0,2,3.98,3.98,28,40000,0,0,1,0,0,1,1,0,0,0,0,0,0,1,0,0,0,0,0,0,0,1,0
26,2,2,2,90.0,3,3.08,3.15,89,50000,1,0,1,0,0,0,0,1,0,0,0,1,0,0,0,0,0,0,0,1,0,0,0
22,2,2,2,100.0,5,3.1,3.16,122,20000,0,1,0,1,0,0,0,0,0,0,0,0,0,1,0,0,0,0,1,0,0,0,0
19,3,2,1,95.0,1,2.37,2.46,31,50000,1,0,1,0,0,0,1,1,0,0,0,0,1,0,0,0,0,0,0,0,0,1,0
20,4,2,2,85.0,2,0.0,0.0,0,30000,0,1,1,0,0,1,1,0,0,0,0,0,0,1,0,0,0,0,0,0,0,1,0
21,1,2,2,90.0,1,3.58,3.58,12,40000,1,0,1,0,0,1,1,0,0,0,0,0,0,1,0,0,0,0,0,0,0,1,0
22,4,2,3,100.0,4,3.36,3.47,87,80000,0,0,0,1,0,1,1,1,1,0,0,0,0,1,0,0,0,0,0,1,0,0,0
18,3,2,2,95.0,1,0.0,0.0,0,150000,0,0,1,0,0,1,0,1,0,0,0,0,1,0,0,0,0,0,0,0,0,1,0
20,2,2,1,95.0,2,0.0,0.0,0,45000,0,1,1,0,0,1,0,0,0,0,0,0,1,0,0,0,0,0,0,0,0,1,0
19,4,2,2,62.0,2,0.0,0.0,0,20000,1,0,1,0,0,1,1,1,0,0,0,0,0,0,0,1,0,0,0,0,0,1,0
22,3,3,3,90.0,2,2.9,2.19,36,60000,0,1,0,1,0,0,1,1,0,0,0,0,0,1,0,0,0,0,0,0,0,1,0
20,4,2,3,90.0,1,3.32,3.25,12,30000,0,1,1,0,0,0,1,0,0,0,0,0,0,1,0,0,0,0,0,0,0,1,0
22,6,2,2,0.0,1,3.3,3.15,90,36000,0,1,1,0,0,0,1,0,0,0,0,0,0,1,0,0,0,0,0,0,0,1,0
23,4,2,3,95.0,6,3.92,3.78,123,30000,0,1,1,0,0,0,1,0,0,0,0,0,0,1,0,0,0,0,0,0,0,1,0
25,1,1,12,80.0,4,2.8,2.5,115,20000,0,1,0,1,0,0,0,0,1,0,0,0,0,0,1,0,0,0,0,0,0,1,0
21,3,2,3,98.0,2,3.33,2.9,12,20000,0,1,1,0,0,1,1,0,0,0,0,0,0,1,0,0,0,0,0,0,0,1,0
22,3,2,1,87.0,3,3.54,3.4,87,30000,0,1,1,0,0,1,1,0,0,0,0,0,0,0,0,1,0,0,0,0,0,1,0
23,5,6,2,98.0,2,3.66,3.81,87,38000,0,1,1,0,0,1,1,1,0,0,0,0,0,1,0,0,0,0,0,1,0,0,0
24,2,2,2,80.0,3,3.78,3.13,124,15000,0,1,1,0,0,0,1,0,0,0,0,0,0,0,1,0,0,0,0,0,0,1,0
21,5,4,3,99.0,1,3.82,3.81,89,15000,0,1,0,1,0,0,1,0,0,0,0,0,0,1,0,0,0,0,0,0,0,1,0
23,4,1,1,95.0,4,4.0,3.93,118,50000,0,1,0,1,0,1,0,1,0,0,0,1,0,0,0,0,0,0,0,1,0,0,0
19,4,2,1,80.0,2,3.54,3.54,11,20000,1,0,0,1,0,1,1,0,0,0,0,0,0,1,0,0,0,0,0,0,0,1,0
21,4,2,2,95.0,2,2.55,2.55,11,20000,1,0,1,0,0,1,1,0,0,0,0,0,0,1,0,0,0,0,0,0,0,1,0
25,3,2,2,90.0,2,3.4,3.4,136,12000,0,0,0,1,0,1,1,0,1,0,0,0,0,0,0,1,0,0,0,0,0,1,0
22,3,1,5,90.0,2,3.65,3.59,126,30000,0,1,1,0,0,0,0,0,0,0,0,0,0,0,1,0,0,0,0,0,0,1,0
21,3,2,4,94.0,2,3.62,3.62,85,30000,0,1,1,0,0,1,0,1,0,0,0,0,0,1,0,0,0,0,1,0,0,0,0
20,2,2,1,90.0,1,3.7,3.45,101,30000,1,0,1,0,0,0,1,1,0,0,0,0,1,0,0,0,0,0,0,1,0,0,0
21,3,2,2,95.0,1,3.5,3.5,89,55000,0,1,1,0,0,1,0,1,0,0,0,0,0,1,0,0,0,0,0,0,0,1,0
21,5,2,3,100.0,4,3.48,3.48,11,50000,0,1,1,0,0,1,1,1,0,0,0,0,0,1,0,0,0,0,0,0,1,0,0
22,3,2,3,100.0,2,3.01,2.92,112,50000,0,1,1,0,0,0,1,0,0,0,0,1,0,0,0,0,0,0,0,1,0,0,0
25,4,2,3,100.0,2,3.86,3.56,129,60000,0,1,1,0,0,1,1,1,0,0,0,0,0,0,0,1,0,0,0,0,0,1,0
23,4,4,10,98.0,2,3.38,3.81,117,15000,0,1,1,0,0,1,1,1,0,0,0,0,0,1,0,0,0,0,0,0,0,1,0
22,5,1,2,90.0,1,3.07,3.42,75,500000,0,1,1,0,0,1,0,1,0,0,0,0,0,1,0,0,0,0,0,0,0,1,0
23,3,2,5,96.0,3,3.59,3.56,119,20000,0,1,1,0,0,1,0,1,0,0,0,0,0,1,0,0,0,0,0,1,0,0,0
25,2,1,6,90.0,4,2.59,3.06,130,50000,0,1,1,0,0,0,1,0,0,0,0,0,0,1,0,0,0,0,0,0,0,1,0
23,2,3,2,99.0,0,3.3,3.24,130,15000,0,1,1,0,0,0,1,0,0,0,0,0,0,0,0,1,0,1,0,0,0,0,0
22,4,4,10,99.0,2,3.72,3.78,127,62488,0,1,1,0,0,1,0,1,0,0,0,0,0,0,0,1,0,0,0,1,0,0,0
19,3,2,2,100.0,1,3.9,3.9,11,40000,1,0,1,0,0,1,1,1,0,0,0,0,0,1,0,0,0,0,0,0,0,1,0
23,2,2,5,75.0,1,2.55,2.65,120,20000,1,0,1,0,0,0,1,0,0,0,0,0,0,1,0,0,0,1,0,0,0,0,0
20,4,2,2,85.0,3,3.0,2.8,36,20000,1,0,1,0,0,1,1,0,0,0,0,0,0,1,0,0,0,0,0,0,0,1,0
22,4,2,2,80.0,1,2.0,2.59,24,25000,1,0,1,0,0,1,1,0,0,0,0,0,0,1,0,0,0,0,0,0,0,1,0
22,5,2,2,95.0,4,3.96,3.9,135,200000,0,1,0,1,0,1,0,0,0,0,0,0,0,1,0,0,0,0,0,0,0,1,0
20,2,2,1,80.0,1,3.7,3.7,10,25000,0,1,1,0,0,1,1,1,0,0,0,0,0,1,0,0,0,0,0,0,0,1,0
19,5,2,7,90.0,3,3.3,3.3,11,35000,1,0,1,0,0,0,1,0,0,0,0,0,0,1,0,0,0,0,0,0,0,1,0
22,5,2,2,95.0,2,3.2,3.51,90,62488,0,1,0,1,0,0,1,0,0,0,0,0,0,1,0,0,0,0,0,0,0,1,0
21,4,2,3,90.0,4,3.57,3.67,23,35000,0,1,1,0,0,1,1,1,0,0,0,0,0,0,0,1,0,0,0,0,0,1,0
22,3,2,1,100.0,1,3.37,3.11,140,40000,0,1,1,0,0,0,0,1,0,0,0,0,0,1,0,0,0,0,0,0,0,1,0
21,4,2,1,97.0,2,3.17,2.85,20,30000,0,0,1,0,0,1,1,0,0,0,0,0,0,1,0,0,0,0,0,0,0,1,0
19,1,1,1,90.0,1,3.5,3.45,11,10000,1,0,1,0,0,0,1,0,0,0,0,0,0,1,0,0,0,0,0,0,0,1,0
20,4,2,1,90.0,3,3.78,3.78,28,25000,1,0,1,0,0,0,1,0,0,0,0,0,0,1,0,0,0,0,0,0,0,1,0
25,2,2,1,87.0,3,3.9,3.59,128,40000,0,1,0,1,0,1,1,1,0,0,0,0,0,1,0,0,0,0,0,0,0,1,0
21,4,2,4,50.0,1,2.94,2.5,23,62488,0,1,1,0,0,0,1,1,0,0,0,0,0,1,0,0,0,0,0,0,0,1,0
21,3,2,5,80.0,2,2.89,2.8,65,20000,1,0,1,0,0,1,0,1,0,0,0,0,0,1,0,0,0,0,0,0,0,1,0
22,4,2,2,90.0,1,1.8,2.56,23,20000,0,1,1,0,0,0,0,0,0,0,0,0,0,1,0,0,0,0,0,0,0,1,0
22,4,3,3,85.0,4,2.78,3.75,78,30000,0,1,1,0,0,0,0,0,0,0,0,0,0,1,0,0,0,1,0,0,0,0,0
20,1,2,2,100.0,4,1.45,2.38,50,30000,1,0,1,0,0,0,0,0,0,0,0,0,0,1,0,0,1,0,0,0,0,0,0
25,5,3,2,100.0,2,2.45,3.54,116,34000,0,1,1,0,0,0,0,0,0,1,0,0,0,0,0,0,1,0,0,0,0,0,0
23,6,3,4,80.0,1,1.45,2.45,116,35000,0,0,1,0,0,1,1,0,0,0,0,0,0,1,0,0,0,0,0,0,0,1,0
20,3,2,7,100.0,2,2.0,3.19,78,35000,0,1,1,0,0,0,0,0,0,0,1,0,0,0,0,0,0,1,0,0,0,0,0
24,1,2,8,100.0,2,2.89,3.99,140,36000,0,0,1,0,0,1,1,0,0,0,0,0,0,1,0,0,0,1,0,0,0,0,0
20,2,1,8,70.0,1,2.88,3.75,116,36000,0,1,1,0,0,0,0,0,0,1,0,0,0,0,0,0,1,0,0,0,0,0,0
20,3,2,7,60.0,2,1.87,2.98,101,37000,1,0,1,0,0,0,1,0,0,0,0,0,0,1,0,0,0,0,0,0,0,1,0
20,1,1,3,54.0,3,2.44,3.53,127,39000,0,0,1,0,0,0,1,0,0,0,0,1,0,0,0,0,0,1,0,0,0,0,0
22,4,2,2,90.0,1,2.8,3.65,126,40000,0,1,0,1,0,0,0,0,0,0,0,0,0,1,0,0,0,0,0,0,0,1,0
21,6,3,2,100.0,2,2.11,3.47,103,40000,0,1,1,0,0,0,1,0,0,0,0,0,0,1,0,0,0,0,0,0,0,0,0
22,4,1,3,87.0,2,2.37,3.49,67,41000,0,0,1,0,0,0,1,0,0,0,1,0,0,0,0,0,1,0,0,0,0,0,0
23,3,1,3,87.0,2,2.75,3.8,116,44000,0,1,1,0,0,0,1,0,0,0,0,1,0,0,0,0,0,1,0,0,0,0,0
21,3,2,4,100.0,3,1.98,2.91,117,44000,0,1,1,0,0,0,0,0,0,1,0,0,0,0,0,0,0,0,0,0,0,1,0
20,2,1,3,100.0,2,2.64,3.7,136,44000,0,1,1,0,0,0,0,0,0,0,0,1,0,0,0,0,0,1,0,0,0,0,0
22,6,2,11,77.0,6,1.77,2.66,133,45000,0,1,1,0,0,0,1,0,0,0,0,1,0,0,0,0,0,0,0,0,0,0,1
21,4,2,7,95.0,1,2.19,2.77,42,45000,0,1,1,0,0,0,0,0,0,0,0,0,0,1,0,0,1,0,0,0,0,0,0
22,5,5,7,70.0,3,2.19,3.19,63,45000,0,0,1,0,0,1,1,0,0,0,0,0,0,0,0,1,0,1,0,0,0,0,0
20,3,1,9,86.0,2,1.98,2.98,119,45000,0,1,0,1,0,0,0,0,0,0,0,0,0,1,0,0,1,0,0,0,0,0,0
20,4,2,2,78.0,4,1.83,2.9,97,45000,0,1,1,0,0,0,0,0,0,0,1,0,0,0,0,0,1,0,0,0,0,0,0
21,3,1,9,100.0,2,1.87,2.82,139,46000,0,1,1,0,0,0,0,0,0,0,0,0,0,0,0,1,0,0,0,0,0,1,0
25,1,1,3,68.0,2,2.65,3.71,136,49000,0,1,1,0,0,0,0,0,0,0,0,0,0,1,0,0,0,0,0,0,0,0,1
23,6,2,4,90.0,5,2.19,3.45,122,50000,0,0,1,0,0,1,0,0,0,0,0,0,0,1,0,0,0,0,0,0,0,1,0
24,3,2,4,100.0,1,2.5,3.4,46,50000,0,1,1,0,0,1,1,0,0,0,0,1,0,0,0,0,0,0,0,0,0,1,0
25,2,1,3,100.0,4,2.82,3.85,136,50000,0,1,1,0,0,0,1,0,0,0,0,1,0,0,0,0,0,1,0,0,0,0,0
22,2,1,2,50.0,2,1.34,2.68,98,50000,1,0,1,0,0,0,0,0,0,1,0,0,0,0,0,0,1,0,0,0,0,0,0
19,1,1,4,78.0,2,2.68,3.79,80,50000,1,0,1,0,0,0,0,0,0,0,0,0,0,1,0,0,0,0,0,0,0,0,1
22,2,1,1,80.0,1,1.97,2.98,79,52000,0,1,0,0,1,0,0,0,0,0,0,1,0,0,0,0,1,0,0,0,0,0,0
20,5,2,3,100.0,4,2.76,3.86,127,52000,0,0,1,0,0,1,0,0,0,0,0,0,0,0,0,1,1,0,0,0,0,0,0
25,4,2,7,45.0,2,1.72,2.79,140,54000,0,0,1,0,0,0,0,0,0,0,0,0,0,1,0,0,0,0,0,0,0,1,0
21,2,2,2,100.0,4,2.62,3.75,136,55000,1,0,1,0,0,0,1,0,0,1,0,0,0,0,0,0,1,0,0,0,0,0,0
20,2,1,2,87.0,4,1.51,2.59,99,55000,0,0,1,0,0,0,0,0,0,0,0,1,0,0,0,0,0,1,0,0,0,0,0
22,2,3,2,95.0,2,1.45,2.53,65,55000,0,1,1,0,0,0,0,0,0,0,0,1,0,0,0,0,0,1,0,0,0,0,0
21,2,1,4,100.0,2,2.16,3.24,66,57000,0,1,1,0,0,0,1,0,0,0,1,0,0,0,0,0,0,0,0,0,0,0,1
21,2,1,2,100.0,2,2.56,3.62,65,58000,0,1,1,0,0,0,1,0,0,0,0,0,0,0,0,1,0,0,0,0,0,1,0
21,1,1,7,100.0,3,1.97,3.1,136,59000,0,0,1,0,0,1,1,0,0,0,0,0,0,1,0,0,0,0,0,0,0,0,1
23,2,2,3,90.0,1,2.33,3.31,32,60000,0,1,1,0,0,0,0,0,0,0,0,1,0,0,0,0,1,0,0,0,0,0,0
20,2,1,3,100.0,2,1.6,2.68,136,60000,0,1,1,0,0,0,0,0,0,0,0,1,0,0,0,0,0,1,0,0,0,0,0
20,4,3,6,80.0,3,2.11,3.22,97,60000,0,1,1,0,0,0,1,0,0,0,1,0,0,0,0,0,0,1,0,0,0,0,0
20,3,1,7,100.0,2,1.19,2.16,103,60000,1,0,1,0,0,0,0,0,0,0,0,0,0,1,0,0,0,0,0,0,0,1,0
21,4,2,5,100.0,2,2.65,3.78,121,61000,0,0,1,0,0,0,1,0,0,0,1,0,0,0,0,0,0,0,0,0,0,1,0
20,2,2,2,100.0,1,2.67,3.7,135,61000,0,1,1,0,0,0,1,0,0,0,0,0,0,0,0,0,1,0,0,0,0,0,0
24,3,3,3,46.0,2,2.44,3.51,144,64000,0,1,1,0,0,0,1,0,0,1,0,0,0,0,0,0,1,0,0,0,0,0,0
24,3,3,3,75.0,1,1.65,2.68,143,65000,0,0,1,0,0,0,1,0,0,0,0,1,0,0,0,0,0,1,0,0,0,0,0
25,2,2,3,78.0,2,2.54,3.61,78,65000,0,1,1,0,0,0,1,0,0,1,0,0,0,0,0,0,1,0,0,0,0,0,0
20,2,1,2,100.0,2,2.5,3.61,136,65000,0,0,1,0,0,0,1,0,0,1,0,0,0,0,0,0,1,0,0,0,0,0,0
20,4,2,8,100.0,2,2.07,3.39,84,66000,0,1,1,0,0,0,0,0,0,0,0,0,0,0,0,1,0,0,0,0,0,1,0
20,4,2,6,100.0,1,1.77,2.64,119,66000,0,0,1,0,0,0,0,0,0,0,0,0,0,0,0,1,0,0,0,0,0,0,1
20,3,1,5,90.0,2,2.11,3.21,102,66000,0,1,1,0,0,1,1,0,0,0,0,1,0,0,0,0,0,1,0,0,0,0,0
21,2,1,2,46.0,4,2.33,3.41,63,66000,0,1,1,0,0,0,0,0,0,0,0,0,0,0,0,0,1,0,0,0,0,0,0
20,3,1,3,100.0,4,2.77,3.84,58,66000,1,0,1,0,0,0,0,0,0,0,0,0,0,0,0,1,0,0,0,0,0,1,0
21,4,4,2,100.0,3,2.87,3.98,136,67000,0,0,1,0,0,1,1,0,0,0,0,0,0,1,0,0,0,0,0,0,0,1,0
22,3,1,7,100.0,2,2.19,3.43,116,68000,0,1,1,0,0,0,1,0,0,0,0,0,0,0,0,1,0,0,0,0,0,1,0
22,2,1,8,100.0,2,2.11,3.39,132,68000,0,0,1,0,0,0,1,0,0,0,0,0,0,0,0,0,0,1,0,0,0,0,0
25,1,2,2,51.0,4,2.51,3.57,136,68000,0,1,0,1,0,0,1,0,0,0,0,0,0,0,0,0,1,0,0,0,0,0,0
22,3,2,3,100.0,2,2.22,3.38,100,68000,1,0,1,0,0,0,1,0,0,0,0,1,0,0,0,0,0,1,0,0,0,0,0
20,2,2,2,34.0,3,1.86,2.91,88,68000,0,1,1,0,0,0,0,0,0,1,0,0,0,0,0,0,1,0,0,0,0,0,0
22,1,1,8,50.0,1,1.87,2.95,100,68000,1,0,1,0,0,0,0,0,0,0,0,0,0,0,0,0,1,0,0,0,0,0,0
21,5,2,3,87.0,2,2.88,3.91,88,68000,1,0,1,0,0,1,0,0,0,1,0,0,0,0,0,0,1,0,0,0,0,0,0
23,3,3,6,99.0,1,1.91,3.1,123,70000,0,1,1,0,0,0,0,0,0,0,0,0,0,0,0,1,1,0,0,0,0,0,0
20,3,3,2,100.0,2,1.81,2.9,101,70000,0,1,1,0,0,0,0,0,0,0,0,0,0,1,0,0,0,0,0,0,0,0,1
20,2,2,2,56.0,2,1.72,2.8,80,70000,0,1,0,1,0,0,1,0,0,0,0,0,0,1,0,0,0,0,0,0,0,0,1
20,1,1,3,76.0,2,1.56,2.63,70,70000,0,1,1,0,0,0,0,0,0,0,0,0,0,0,0,1,0,0,0,0,0,1,0
24,1,1,4,100.0,2,2.23,3.39,98,70000,1,0,0,1,0,0,0,0,0,0,0,0,0,1,0,0,0,0,0,0,0,1,0
21,2,1,3,100.0,2,2.67,3.74,70,70000,0,1,1,0,0,0,0,0,0,0,0,1,0,0,0,0,0,1,0,0,0,0,0
19,4,3,4,63.0,2,1.65,2.87,35,70000,0,1,0,1,0,0,0,0,0,0,0,0,0,0,0,1,0,0,0,0,0,1,0
20,2,1,6,90.0,2,2.44,3.88,23,71000,0,0,1,0,0,0,0,0,0,0,1,0,0,0,0,0,0,0,0,0,0,1,0
20,4,2,3,68.0,4,1.56,2.63,70,74000,0,1,1,0,0,0,1,0,0,0,0,1,0,0,0,0,0,1,0,0,0,0,0
21,6,2,4,80.0,4,2.21,3.21,116,75000,0,1,0,1,0,0,0,0,0,0,0,1,0,0,0,0,0,1,0,0,0,0,0
20,1,3,3,100.0,1,2.61,3.68,136,75000,0,1,1,0,0,0,1,0,0,0,0,1,0,0,0,0,0,1,0,0,0,0,0
24,3,3,2,100.0,2,2.41,3.5,116,76000,1,0,1,0,0,0,0,0,0,0,0,0,0,0,0,0,1,0,0,0,0,0,0
20,2,3,3,100.0,2,1.57,2.66,100,76000,0,0,1,0,0,0,0,0,0,1,0,0,0,0,0,0,1,0,0,0,0,0,0
20,4,1,2,100.0,2,2.73,3.8,100,76000,0,0,1,0,0,1,1,0,0,0,1,0,0,0,0,0,1,0,0,0,0,0,0
22,2,1,2,100.0,4,2.87,3.93,100,76000,0,0,0,1,0,0,1,0,0,0,0,1,0,0,0,0,0,1,0,0,0,0,0
20,3,2,3,100.0,3,1.56,2.66,71,76000,0,1,1,0,0,0,1,0,0,0,0,1,0,0,0,0,0,1,0,0,0,0,0
25,3,2,8,100.0,3,2.87,3.98,143,77000,0,0,0,1,0,0,1,0,0,0,0,0,0,1,0,0,0,0,0,0,0,0,1
23,3,1,7,89.0,1,1.79,2.85,104,77000,0,0,1,0,0,0,1,0,0,0,1,0,0,0,0,0,1,0,0,0,0,0,0
21,7,3,3,100.0,2,2.88,3.93,139,77000,0,0,1,0,0,1,1,0,0,0,0,0,0,1,0,0,0,0,0,0,0,0,1
22,4,2,2,100.0,1,2.78,3.84,120,77000,0,1,0,1,0,0,0,0,0,0,0,0,0,0,0,0,1,0,0,0,0,0,0
22,1,1,4,98.0,3,2.36,3.19,70,77000,1,0,0,1,0,1,0,0,1,1,0,0,0,0,0,0,0,1,0,0,0,0,0
21,3,2,4,100.0,3,2.03,3.15,65,78000,0,1,1,0,0,0,0,0,0,0,1,0,0,0,0,0,0,0,0,0,0,1,0
25,5,3,1,78.0,4,2.83,3.9,143,79000,1,0,1,0,0,1,0,0,0,0,0,0,0,0,0,0,0,0,0,0,0,1,0
20,5,3,4,100.0,1,2.44,3.78,88,79000,0,0,1,0,0,1,0,0,0,0,0,1,0,0,0,0,0,0,0,0,0,0,1
20,5,3,5,50.0,3,1.66,2.99,97,79000,0,1,1,0,0,0,1,0,0,0,0,0,0,0,0,1,0,0,0,0,0,0,1
21,6,4,3,80.0,2,2.54,3.76,126,80000,0,0,1,0,0,0,1,1,0,1,0,0,0,0,0,0,0,0,0,0,0,0,1
22,2,1,4,99.0,1,2.79,3.59,125,80000,0,1,1,0,0,1,0,0,0,0,0,0,0,1,0,0,0,1,0,0,0,0,0
20,2,1,6,77.0,2,1.55,2.67,144,80000,1,0,1,0,0,0,1,0,0,1,0,0,0,0,0,0,0,1,0,0,0,0,0
21,4,2,2,100.0,2,1.25,2.57,101,80000,0,0,0,1,0,0,1,0,0,0,0,1,0,0,0,0,1,0,0,0,0,0,0
20,4,2,2,100.0,2,2.56,3.61,131,80000,0,0,0,0,1,0,0,0,0,0,0,1,0,0,0,0,0,1,0,0,0,0,0
20,4,1,3,100.0,1,2.64,3.7,99,81000,0,1,1,0,0,0,1,0,0,0,0,1,0,0,0,0,0,1,0,0,0,0,0
20,3,2,7,78.0,2,1.45,2.67,142,82000,0,0,0,1,0,1,1,0,0,1,0,0,0,0,0,0,1,0,0,0,0,0,0
21,3,2,3,70.0,3,1.56,2.87,133,85000,1,0,0,1,0,0,1,0,0,0,0,0,0,1,0,0,0,0,0,0,0,0,1
21,6,2,5,70.0,5,2.1,3.37,86,85000,0,1,1,0,0,1,0,0,0,0,0,0,0,1,0,0,0,0,0,0,0,0,1
20,2,1,3,60.0,1,2.1,3.28,77,85000,0,1,1,0,0,0,0,0,0,0,0,0,0,0,0,0,0,1,0,0,0,0,0
20,2,2,2,100.0,4,1.54,2.64,137,86000,0,1,1,0,0,0,0,0,0,0,0,0,0,0,0,0,1,0,0,0,0,0,0
24,1,3,2,80.0,1,2.39,3.43,45,87000,1,0,0,1,0,0,1,0,0,0,0,0,0,1,0,0,0,0,0,0,0,1,0
21,4,3,2,80.0,3,2.51,3.87,103,87000,0,0,1,0,0,0,0,0,0,1,0,0,0,0,0,0,0,0,0,0,0,0,1
21,2,2,1,79.0,2,2.81,3.89,143,87000,1,0,1,0,0,1,1,0,0,0,1,0,0,0,0,0,1,0,0,0,0,0,0
20,2,1,2,88.0,1,2.45,3.54,117,88000,0,0,1,0,0,0,0,0,0,0,0,0,0,1,0,0,0,0,0,0,0,0,1
20,3,1,3,100.0,2,2.66,3.72,98,88000,0,1,0,1,0,0,1,0,0,0,0,0,0,0,0,0,1,0,0,0,0,0,0
21,6,1,4,80.0,1,2.04,3.23,100,89000,0,1,0,1,0,1,0,0,0,0,0,0,0,1,0,0,0,0,0,0,0,0,1
21,4,2,6,100.0,2,2.29,3.56,100,89000,0,0,1,0,0,0,1,0,0,0,0,0,0,0,0,1,0,0,0,0,0,1,0
20,4,2,7,88.0,3,2.55,3.77,137,89000,0,0,1,0,0,0,1,0,0,0,1,0,0,0,0,0,0,0,0,0,0,1,0
22,4,2,2,100.0,3,2.9,3.89,135,90000,0,0,0,1,0,1,1,0,0,0,0,0,0,1,0,0,0,0,0,0,0,0,1
25,3,2,3,100.0,2,2.34,3.42,143,90000,0,1,1,0,0,0,1,0,0,0,0,0,0,0,0,1,0,0,0,0,0,1,0
21,3,2,4,100.0,2,2.08,3.11,138,90000,0,0,1,0,0,0,1,0,0,1,0,0,0,0,0,0,1,0,0,0,0,0,0
20,3,1,10,100.0,3,2.51,3.5,130,90000,0,0,1,0,0,0,0,0,0,0,0,1,0,0,0,0,0,1,0,0,0,0,0
21,4,1,8,100.0,3,2.13,3.33,107,90000,0,1,1,0,0,0,0,0,0,0,1,0,0,0,0,0,0,0,0,0,0,1,0
25,2,1,2,35.0,1,1.43,2.56,143,91000,0,1,1,0,0,0,1,0,0,1,0,0,0,0,0,0,1,0,0,0,0,0,0
20,2,3,3,100.0,1,1.26,2.33,59,93000,0,1,1,0,0,0,0,0,0,0,0,0,0,1,0,0,0,0,0,0,0,0,1
20,2,3,3,56.0,4,1.56,2.6,130,95000,0,0,1,0,0,0,0,0,0,0,0,1,0,0,0,0,0,1,0,0,0,0,0
23,2,3,1,100.0,4,1.75,2.81,137,98000,1,0,1,0,0,0,1,0,0,0,0,0,0,1,0,0,0,0,0,0,0,0,1
25,2,1,7,100.0,3,1.76,2.87,144,100000,1,0,1,0,0,0,1,0,0,0,0,0,0,1,0,0,0,0,0,0,0,1,0
21,6,2,4,100.0,2,1.34,2.53,96,100000,0,1,1,0,0,0,1,0,0,1,0,0,0,0,0,0,1,0,0,0,0,0,0
21,5,3,4,100.0,3,2.91,3.95,119,100000,0,0,1,0,0,0,1,0,0,0,0,0,0,1,0,0,0,0,0,0,0,0,1
22,2,3,2,45.0,4,2.46,3.52,140,100000,0,1,0,1,0,0,1,0,0,0,0,1,0,0,0,0,0,1,0,0,0,0,0
20,3,1,7,70.0,3,1.67,2.98,75,100000,0,1,1,0,0,0,0,0,0,1,0,0,0,0,0,0,0,0,0,0,0,1,0
20,2,4,2,100.0,3,2.66,2.66,12,100000,0,1,0,1,0,1,0,0,1,0,0,0,0,1,0,0,0,1,0,0,0,0,0
24,1,3,3,65.0,2,2.65,3.68,140,110000,0,0,0,0,0,0,1,0,0,0,0,0,0,0,0,0,1,0,0,0,0,0,0
20,2,1,5,100.0,4,2.8,3.91,77,110000,0,1,1,0,0,0,1,0,0,0,0,1,0,0,0,0,0,1,0,0,0,0,0
20,5,3,6,100.0,1,1.46,2.67,101,110000,0,1,1,0,0,0,0,0,0,0,0,1,0,0,0,0,0,1,0,0,0,0,0
21,2,3,2,89.0,4,1.67,2.73,134,110000,0,1,1,0,0,0,0,0,0,0,0,0,0,1,0,0,0,0,0,0,0,0,1
20,3,3,3,62.0,1,1.35,2.58,77,114000,0,0,1,0,0,0,1,0,0,0,0,0,0,0,0,0,1,0,0,0,0,0,0
21,3,1,2,78.0,2,2.56,3.66,88,115000,0,0,1,0,0,0,1,0,0,0,0,0,0,0,0,1,0,0,0,0,0,1,0
19,1,1,5,100.0,3,2.67,3.78,32,115000,0,0,1,0,0,0,0,0,0,1,0,0,0,0,0,0,0,0,0,0,0,0,1
20,2,2,1,41.0,2,2.56,3.61,68,116000,0,0,1,0,0,0,0,0,0,0,1,0,0,0,0,0,1,0,0,0,0,0,0
25,2,3,2,86.0,2,2.67,3.75,140,117000,0,1,1,0,0,0,1,0,0,0,0,1,0,0,0,0,0,1,0,0,0,0,0
20,3,3,2,100.0,1,2.46,3.55,89,120000,1,0,1,0,0,0,1,0,0,0,0,0,0,0,0,1,0,0,0,0,0,1,0
24,1,2,3,83.0,2,1.44,2.65,136,123000,0,1,1,0,0,0,1,0,0,0,0,1,0,0,0,0,0,1,0,0,0,0,0
24,3,2,1,100.0,4,2.53,3.62,143,128000,1,0,1,0,0,0,0,0,0,0,0,0,0,0,0,1,0,0,0,0,0,1,0
25,2,2,5,100.0,3,2.79,3.88,141,130000,1,0,1,0,0,0,0,0,0,0,0,0,0,1,0,0,0,0,0,0,0,1,0
20,3,1,3,100.0,4,2.75,3.82,103,130000,0,1,1,0,0,1,0,0,0,0,0,0,0,0,0,1,0,0,0,0,0,1,0
21,1,3,2,100.0,4,1.68,2.73,88,130000,0,0,0,1,0,0,1,0,0,0,0,0,0,1,0,0,0,0,0,0,0,0,1
20,4,1,2,77.0,4,1.67,2.77,58,130000,0,1,1,0,0,0,0,0,0,0,0,0,0,1,0,0,0,0,0,0,0,1,0
20,2,2,3,84.0,4,1.76,2.8,122,134000,0,0,1,0,0,1,1,0,0,0,0,0,0,0,0,1,0,0,0,0,0,1,0
25,4,2,4,100.0,2,2.88,3.9,139,135000,0,0,1,0,0,0,0,0,0,0,0,1,0,0,0,0,0,1,0,0,0,0,0
20,2,1,3,100.0,2,2.54,3.61,143,135000,1,0,1,0,0,0,1,0,0,0,0,1,0,0,0,0,0,1,0,0,0,0,0
22,4,2,1,100.0,2,1.76,2.82,121,135000,0,0,1,0,0,0,0,0,0,1,0,0,0,0,0,0,1,0,0,0,0,0,0
21,3,2,2,100.0,2,2.54,3.64,97,135000,0,1,0,1,0,0,1,0,0,0,0,0,0,0,0,0,1,0,0,0,0,0,0
25,3,2,2,100.0,1,1.54,2.68,143,144000,0,1,1,0,0,0,1,0,0,0,0,1,0,0,0,0,0,1,0,0,0,0,0
21,2,1,2,35.0,2,1.46,2.5,119,144000,0,1,0,1,0,0,0,0,0,0,1,0,0,0,0,0,1,0,0,0,0,0,0
22,6,3,7,100.0,4,2.91,3.97,141,150000,0,0,1,0,0,1,1,0,0,1,0,0,0,0,0,0,1,0,0,0,0,0,0
20,3,3,3,100.0,2,1.8,2.89,116,155000,0,0,1,0,0,0,0,0,0,0,0,1,0,0,0,0,0,1,0,0,0,0,0
20,5,2,3,100.0,4,2.78,3.8,89,158000,0,1,1,0,0,1,0,0,0,0,0,0,0,0,0,1,0,0,0,0,0,1,0
21,3,2,8,67.0,2,1.65,2.56,64,165000,0,0,1,0,0,1,0,0,0,0,0,0,0,1,0,0,0,0,0,0,0,1,0
22,2,1,4,100.0,2,2.32,3.87,113,170000,0,0,1,0,0,1,0,0,0,0,0,0,0,1,0,0,0,0,0,0,0,0,1
25,3,3,1,35.0,2,1.57,2.63,143,170000,0,0,1,0,0,0,0,0,0,0,0,1,0,0,0,0,0,1,0,0,0,0,0
20,3,3,3,100.0,4,2.85,3.93,100,190000,0,1,1,0,0,1,0,0,0,0,0,0,0,0,0,0,1,0,0,0,0,0,0
21,3,2,1,68.0,4,2.74,3.84,137,190000,0,1,1,0,0,0,1,0,0,0,0,1,0,0,0,0,0,1,0,0,0,0,0
22,3,2,7,100.0,3,2.13,3.03,107,235000,0,1,1,0,0,0,0,0,0,0,0,0,0,0,0,1,0,0,0,0,0,0,1
20,6,2,1,100.0,4,2.91,3.91,81,250000,0,0,1,0,0,1,0,0,0,0,0,0,0,1,0,0,0,0,0,0,0,0,1
25,3,3,2,100.0,1,1.43,2.49,143,255000,0,1,1,0,0,0,0,0,0,1,0,0,0,0,0,0,1,0,0,0,0,0,0
25,2,1,5,86.0,3,1.98,2.89,145,300000,1,0,1,0,0,0,1,0,0,0,0,1,0,0,0,0,1,0,0,0,0,0,0
23,1,2,5,100.0,1,2.91,3.89,103,10000,1,0,1,0,0,1,1,0,0,0,0,0,0,0,0,1,1,0,0,0,0,0,0
22,2,1,3,95.0,1,2.5,3.48,128,25000,0,1,1,0,0,1,0,0,0,0,0,0,0,1,0,0,1,0,0,0,0,0,0
21,5,5,5,100.0,3,2.85,3.65,28,25000,0,1,1,0,0,0,0,0,0,0,0,0,0,1,0,0,0,0,0,0,0,1,0
24,5,1,6,90.0,2,2.2,3.5,60,28000,1,0,0,1,0,0,0,0,1,0,0,1,0,0,0,0,0,1,0,0,0,0,0
25,3,1,5,99.0,3,2.48,3.48,105,30000,0,0,1,0,0,1,1,0,0,0,0,1,0,0,0,0,0,0,0,0,0,1,0
23,4,1,3,98.0,2,2.87,3.93,138,30000,0,1,1,0,0,0,0,0,0,0,0,1,0,0,0,0,0,1,0,0,0,0,0
22,2,2,4,99.0,2,2.56,3.35,54,30000,0,1,1,0,0,1,1,0,0,0,0,0,0,1,0,0,0,1,0,0,0,0,0
20,4,2,7,100.0,1,2.31,3.45,109,30000,0,1,1,0,0,0,0,0,0,0,0,0,0,0,0,0,0,1,0,0,0,0,0
25,3,1,3,100.0,2,2.45,3.56,143,32000,1,0,1,0,0,0,1,0,0,1,0,0,0,0,0,0,1,0,0,0,0,0,0
19,4,2,5,90.0,2,2.09,3.34,100,34000,0,1,0,1,0,0,0,0,0,0,0,0,0,0,0,0,0,1,0,0,0,0,0
24,3,2,3,65.0,2,2.45,3.55,144,37000,0,1,0,1,0,0,1,0,0,1,0,0,0,0,0,0,1,0,0,0,0,0,0
20,2,2,3,72.0,4,2.67,3.77,143,37000,0,1,1,0,0,0,0,0,0,1,0,0,0,0,0,0,1,0,0,0,0,0,0
21,2,2,3,42.0,3,1.89,2.97,97,37000,0,0,0,1,0,0,1,0,0,1,0,0,0,0,0,0,1,0,0,0,0,0,0
20,2,2,3,68.0,4,2.67,3.74,90,38000,1,0,1,0,0,0,0,0,0,0,0,0,0,0,0,1,0,0,0,0,0,1,0
22,2,2,2,47.0,2,2.74,3.8,68,39000,0,1,1,0,0,1,0,0,0,1,0,0,0,0,0,0,1,0,0,0,0,0,0
22,3,2,8,90.0,2,1.61,2.88,123,40000,0,0,1,0,0,0,0,0,0,0,0,0,0,1,0,0,0,0,0,0,0,0,1
24,4,2,2,86.0,4,2.54,3.63,144,40000,0,1,1,0,0,0,0,0,0,1,0,0,0,0,0,0,1,0,0,0,0,0,0
21,2,3,3,79.0,2,1.46,2.55,139,40000,0,1,1,0,0,0,1,0,0,1,0,0,0,0,0,0,1,0,0,0,0,0,0
20,2,2,2,100.0,4,2.65,3.79,138,40000,0,1,1,0,0,1,1,0,0,0,0,1,0,0,0,0,0,1,0,0,0,0,0
21,3,2,3,46.0,2,1.88,2.92,124,42000,0,0,1,0,0,0,0,0,0,0,0,0,0,0,0,0,1,0,0,0,0,0,0
21,2,1,3,78.0,1,2.77,3.8,77,42000,0,0,0,0,1,1,0,0,0,0,0,0,0,1,0,0,0,0,0,0,0,0,1
20,4,2,6,90.0,2,1.98,2.97,66,45000,0,1,1,0,0,0,1,0,0,0,1,0,0,0,0,0,0,0,0,0,0,1,0
22,2,1,3,23.0,4,1.81,2.88,72,45000,1,0,1,0,0,0,1,0,0,0,0,1,0,0,0,0,0,1,0,0,0,0,0
20,2,3,3,55.0,1,2.87,3.9,125,46000,0,0,1,0,0,0,0,0,0,0,0,1,0,0,0,0,0,1,0,0,0,0,0
20,2,2,4,100.0,8,1.76,2.67,27,46000,0,1,1,0,0,0,1,0,0,0,0,1,0,0,0,0,0,0,0,0,0,1,0
21,3,2,2,32.0,2,2.34,3.4,109,47000,0,1,1,0,0,0,0,0,0,0,0,0,0,0,0,0,1,0,0,0,0,0,0
20,5,2,5,100.0,1,2.07,3.28,132,48000,0,1,1,0,0,0,0,0,0,0,0,0,0,0,0,0,0,1,0,0,0,0,0
23,2,3,2,89.0,4,2.45,3.51,132,48000,0,1,0,1,0,0,1,0,0,0,0,1,0,0,0,0,0,1,0,0,0,0,0
20,5,1,3,68.0,2,2.66,3.79,135,48000,0,1,1,0,0,0,1,1,0,0,0,1,0,0,0,0,0,1,0,0,0,0,0
23,6,3,2,100.0,4,2.77,3.85,144,49000,0,1,1,0,0,1,0,0,0,1,0,0,0,0,0,0,1,0,0,0,0,0,0
21,5,3,3,100.0,2,2.63,3.7,75,49000,1,0,1,0,0,0,0,0,0,0,0,1,0,0,0,0,0,1,0,0,0,0,0
23,3,3,2,80.0,2,2.81,3.79,135,50000,0,0,1,0,0,1,1,0,0,1,0,0,0,0,0,0,0,0,0,0,0,0,1
21,2,1,3,100.0,1,2.44,3.44,56,50000,0,1,1,0,0,0,0,0,0,0,0,0,0,1,0,0,1,0,0,0,0,0,0
23,1,1,5,70.0,5,2.5,3.22,66,50000,0,0,1,0,0,0,1,0,0,1,0,0,0,0,0,0,0,1,0,0,0,0,0
21,2,3,6,100.0,1,2.55,3.8,112,50000,0,0,1,0,0,0,0,0,0,0,0,0,0,1,0,0,0,0,0,0,0,0,1
20,3,2,5,100.0,2,2.22,3.35,79,50000,1,0,1,0,0,0,0,0,0,0,0,0,0,1,0,0,0,0,0,0,0,0,1
20,3,3,3,100.0,2,2.56,3.64,108,53000,1,0,1,0,0,0,0,0,0,0,0,0,0,0,0,1,0,0,0,0,0,1,0
23,3,2,7,100.0,2,1.99,3.0,121,55000,0,1,1,0,0,0,0,0,0,0,0,0,0,1,0,0,0,0,0,0,0,1,0
24,3,2,2,34.0,1,1.56,2.62,143,55000,0,1,1,0,0,0,0,0,0,0,0,1,0,0,0,0,0,1,0,0,0,0,0
21,4,3,2,79.0,2,2.67,3.77,143,55000,0,0,1,0,0,0,0,0,0,0,0,0,0,0,0,0,1,0,0,0,0,0,0
20,4,2,6,100.0,2,2.31,3.44,138,55000,0,0,1,0,0,0,0,0,0,0,0,0,0,0,0,0,0,0,0,0,0,1,0
24,2,2,3,76.0,4,1.26,2.37,143,56000,0,1,1,0,0,0,1,0,0,0,0,1,0,0,0,0,0,1,0,0,0,0,0
25,1,2,4,66.0,4,1.55,2.78,143,57000,1,0,1,0,0,0,0,0,0,0,0,1,0,0,0,0,0,1,0,0,0,0,0
20,2,3,2,100.0,4,2.64,3.71,129,59000,0,0,1,0,0,0,0,0,0,0,0,0,0,1,0,0,0,0,0,0,0,0,1
20,1,2,2,100.0,2,2.76,3.81,134,59000,0,0,1,0,0,0,1,0,0,0,0,0,0,1,0,0,0,0,0,0,0,0,1
25,4,2,7,88.0,1,1.62,2.45,99,60000,1,0,1,0,0,0,1,0,0,1,0,0,0,0,0,0,1,0,0,0,0,0,0
23,2,2,4,80.0,2,2.88,3.6,109,60000,1,0,1,0,0,1,0,0,0,0,0,1,0,0,0,0,0,0,0,0,0,1,0
23,3,2,6,90.0,4,2.61,3.57,130,60000,0,1,1,0,0,0,0,0,0,0,0,0,0,1,0,0,0,0,0,0,0,1,0
23,1,2,2,100.0,2,2.85,3.79,66,60000,0,1,1,0,0,1,0,0,0,0,0,1,0,0,0,0,0,0,0,0,0,0,0
23,5,2,10,100.0,1,2.19,3.7,111,60000,0,0,1,0,0,0,1,0,0,0,0,1,0,0,0,0,0,0,0,0,1,0,0
22,2,2,4,60.0,2,1.9,2.81,97,60000,0,1,1,0,0,0,0,0,0,0,0,1,0,0,0,0,0,0,0,0,0,1,0
21,5,2,7,75.0,3,1.89,3.08,117,60000,0,0,0,1,0,0,0,0,0,0,0,1,0,0,0,0,0,1,0,0,0,0,0
21,1,3,10,100.0,1,2.77,3.81,136,60000,0,0,1,0,0,0,0,0,0,0,0,0,0,0,0,1,0,0,0,0,0,1,0
22,2,1,8,95.0,1,1.4,2.95,61,60000,0,1,0,1,0,0,1,0,0,0,0,0,0,1,0,0,1,0,0,0,0,0,0
20,5,3,4,50.0,1,1.76,2.87,68,60000,0,0,1,0,0,1,0,0,0,0,1,0,0,0,0,0,0,0,0,0,0,0,1
20,5,3,2,100.0,1,2.66,3.83,102,60000,0,0,1,0,0,1,0,0,0,0,0,1,0,0,0,0,0,1,0,0,0,0,0
20,2,2,2,35.0,1,1.56,2.62,107,62000,0,1,1,0,0,0,1,0,0,0,0,0,0,1,0,0,0,0,0,0,0,0,1
20,3,2,3,100.0,4,2.87,3.91,61,62000,0,1,1,0,0,0,0,0,0,0,0,1,0,0,0,0,0,1,0,0,0,0,0
24,4,1,7,87.0,3,2.09,3.23,129,64000,0,1,1,0,0,1,1,0,0,1,0,0,0,0,0,0,1,0,0,0,0,0,0
20,5,2,2,86.0,2,1.56,2.66,120,64000,0,0,1,0,0,0,0,0,0,0,0,0,0,0,0,0,1,0,0,0,0,0,0
21,7,3,3,100.0,2,2.78,3.89,138,65000,0,1,0,1,0,1,0,0,0,0,0,1,0,0,0,0,0,1,0,0,0,0,0
20,1,1,2,67.0,2,2.45,3.51,103,65000,0,1,1,0,0,0,1,0,0,1,0,0,0,0,0,0,1,0,0,0,0,0,0
19,3,1,3,95.0,1,2.78,3.89,35,65000,0,0,1,0,0,0,0,0,0,0,1,0,0,0,0,0,0,1,0,0,0,0,0
24,5,2,3,100.0,2,1.67,2.73,143,66000,0,1,0,1,0,0,1,0,0,0,0,0,0,0,0,1,0,0,0,0,0,1,0
22,2,2,9,100.0,4,1.55,2.68,134,66000,0,0,1,0,0,0,1,0,0,0,0,0,0,1,0,0,0,0,0,0,0,1,0
19,2,2,10,77.0,2,1.87,2.88,35,66000,0,0,1,0,0,0,0,0,0,0,1,0,0,0,0,0,0,0,0,0,0,1,0
21,4,2,2,85.0,4,1.56,2.63,65,66000,0,0,1,0,0,0,1,0,0,0,0,0,0,0,0,1,0,0,0,0,0,1,0
23,2,2,6,100.0,1,2.7,3.5,66,67000,0,1,1,0,0,0,0,0,0,0,0,0,0,1,0,0,0,1,0,0,0,0,0
20,2,2,2,89.0,4,2.76,3.8,113,67000,0,1,1,0,0,0,0,0,0,0,0,1,0,0,0,0,0,1,0,0,0,0,0
22,2,2,3,68.0,4,1.45,2.56,88,67000,0,1,1,0,0,0,1,0,0,1,0,0,0,0,0,0,1,0,0,0,0,0,0
20,5,3,6,90.0,2,1.55,2.76,77,68000,0,0,1,0,0,0,1,0,0,0,0,0,0,1,0,0,0,0,0,0,0,0,1
20,2,3,2,87.0,4,2.67,3.73,101,68000,0,1,1,0,0,0,1,0,0,0,0,1,0,0,0,0,0,1,0,0,0,0,0
21,2,2,3,86.0,1,2.86,3.9,119,68000,0,0,0,1,0,0,0,0,0,0,0,0,0,0,0,0,1,0,0,0,0,0,0
22,4,3,2,80.0,3,2.03,3.25,59,70000,0,1,0,1,0,0,0,0,0,1,0,0,0,0,0,0,0,0,0,0,0,0,1
22,4,2,7,95.0,2,2.31,3.65,140,70000,0,0,1,0,0,0,0,0,0,0,0,1,0,0,0,0,0,0,0,0,0,1,0
22,4,3,3,100.0,3,2.66,3.78,109,70000,0,0,1,0,0,1,0,0,0,0,0,1,0,0,0,0,0,1,0,0,0,0,0
20,6,2,3,100.0,2,2.11,3.26,87,70000,0,1,1,0,0,0,0,0,0,0,0,0,0,1,0,0,0,0,0,0,0,1,0
19,3,3,3,100.0,4,1.67,2.7,77,70000,0,1,1,0,0,0,1,0,0,0,0,1,0,0,0,0,0,1,0,0,0,0,0
23,3,2,5,97.0,3,2.4,3.44,139,71000,0,0,1,0,0,1,1,0,0,0,0,0,0,1,0,0,0,0,0,0,0,0,1
21,3,2,10,30.0,1,1.55,2.81,34,73000,1,0,1,0,0,0,0,0,0,0,1,0,0,0,0,0,0,1,0,0,0,0,0
20,5,2,9,90.0,1,2.55,3.59,72,73000,0,1,1,0,0,1,0,0,0,1,0,0,0,0,0,0,1,0,0,0,0,0,0
20,1,4,3,87.0,4,2.45,3.56,123,74000,0,1,1,0,0,0,1,0,0,0,0,0,0,0,0,1,0,0,0,0,0,1,0
21,6,4,2,100.0,3,2.77,3.87,139,75000,0,0,1,0,0,1,1,0,0,0,0,0,0,1,0,0,0,0,0,0,0,0,1
20,3,1,3,100.0,2,2.53,3.6,95,75000,0,1,1,0,0,0,0,0,0,0,0,0,0,1,0,0,0,0,0,0,0,0,1
19,3,1,3,43.0,2,1.65,2.71,73,75000,0,1,0,1,0,0,0,0,0,0,1,0,0,0,0,0,1,0,0,0,0,0,0
19,3,1,9,70.0,3,2.32,3.68,46,77000,1,0,0,1,0,0,0,0,0,0,0,0,0,0,0,0,0,1,0,0,0,0,0
20,1,3,2,76.0,2,2.61,3.7,144,77000,0,1,1,0,0,0,0,0,0,0,0,0,0,1,0,0,0,0,0,0,0,0,1
20,2,1,3,54.0,4,1.55,2.61,143,77000,0,1,1,0,0,0,1,0,0,0,0,0,0,1,0,0,0,0,0,0,0,0,1
19,4,2,8,100.0,2,2.23,3.67,45,77000,0,1,1,0,0,0,1,0,0,0,1,0,0,0,0,0,1,0,0,0,0,0,0
25,1,3,3,60.0,3,2.45,3.34,122,78000,0,0,1,0,0,0,1,0,0,0,0,0,0,1,0,0,0,0,0,0,0,1,0
22,1,1,3,90.0,1,2.11,3.56,132,78000,0,1,0,1,0,0,0,0,0,0,0,1,0,0,0,0,0,0,0,0,0,0,0
24,3,2,5,77.0,1,1.59,2.62,132,78000,0,1,1,0,0,0,1,0,0,0,0,0,0,0,0,0,1,0,0,0,0,0,0
25,5,1,3,100.0,4,2.56,3.67,143,78000,0,0,1,0,0,0,1,0,0,0,0,0,0,0,0,1,0,0,0,0,0,1,0
20,6,3,3,100.0,1,2.76,3.77,97,78000,0,0,1,0,0,0,1,0,0,0,0,1,0,0,0,0,1,0,0,0,0,0,0
21,2,3,3,100.0,4,2.76,3.8,124,78000,0,1,1,0,0,0,1,0,0,0,0,0,0,0,0,1,0,0,0,0,0,1,0
20,3,3,2,100.0,4,2.61,3.7,98,79000,0,1,1,0,0,0,1,0,0,1,0,0,0,0,0,0,1,0,0,0,0,0,0
20,1,3,3,100.0,4,2.75,3.86,143,79000,1,0,1,0,0,1,0,0,0,0,0,0,0,1,0,0,0,0,0,0,0,0,1
21,2,3,3,90.0,3,1.98,3.11,125,80000,1,0,1,0,0,1,1,0,0,0,0,0,0,1,0,0,1,0,0,0,0,0,0
20,6,4,3,100.0,3,2.77,3.87,125,80000,0,0,1,0,0,1,1,0,0,0,0,0,0,1,0,0,0,0,0,0,0,0,1
21,2,2,5,78.0,2,1.79,2.82,71,80000,0,1,1,0,0,0,1,0,0,0,0,0,0,0,0,0,0,1,0,0,0,0,0
21,3,2,2,100.0,2,1.88,2.91,74,80000,0,1,1,0,0,0,0,0,0,0,0,0,0,0,0,0,0,0,0,0,0,1,0
21,3,1,7,71.0,1,2.38,3.49,109,81000,0,1,0,1,0,0,1,0,0,0,1,0,0,0,0,0,0,0,0,0,0,1,0
20,4,2,5,100.0,1,2.08,3.21,113,83000,0,1,1,0,0,0,1,0,0,0,0,0,0,0,0,1,0,0,0,0,0,1,0
21,5,2,7,70.0,1,1.89,3.4,56,86000,0,1,1,0,0,0,0,0,0,0,0,0,0,1,0,0,0,1,0,0,0,0,0
20,2,1,5,31.0,1,1.21,2.47,139,87000,0,0,1,0,0,0,1,0,0,0,0,0,0,1,0,0,0,0,0,0,0,1,0
20,3,2,6,60.0,2,1.81,2.86,117,87000,0,1,1,0,0,0,1,0,0,0,1,0,0,0,0,0,0,0,0,0,0,1,0
20,5,3,8,100.0,3,2.45,3.68,124,87000,0,0,0,1,0,0,1,0,0,0,0,0,0,1,0,0,0,0,0,0,0,0,1
25,2,2,2,100.0,2,1.56,2.66,143,88000,0,1,1,0,0,0,1,0,0,0,0,0,0,0,0,1,0,0,0,0,0,1,0
25,3,1,3,100.0,2,1.6,2.68,143,88000,0,0,1,0,0,0,0,0,0,0,0,0,0,0,0,1,0,0,0,0,0,1,0
20,2,2,3,56.0,2,1.81,2.89,144,88000,0,0,1,0,0,0,0,0,0,0,0,0,0,1,0,0,0,0,0,0,0,0,1
20,3,3,2,100.0,5,1.76,2.81,96,88000,0,1,1,0,0,0,0,0,0,0,0,0,0,0,0,0,0,0,0,0,0,1,0
21,2,1,2,86.0,4,1.57,2.65,135,89000,1,0,1,0,0,0,0,0,0,0,0,0,0,0,0,0,1,0,0,0,0,0,0
24,3,2,5,100.0,2,2.05,3.45,85,90000,0,0,1,0,0,0,1,0,0,0,0,1,0,0,0,0,0,1,0,0,0,0,0
20,3,2,1,67.0,2,2.38,3.47,130,90000,0,0,1,0,0,0,1,0,0,0,0,0,0,1,0,0,0,0,0,0,0,0,1
20,2,2,2,100.0,1,2.67,3.73,93,90000,0,0,1,0,0,0,0,0,0,0,0,0,0,1,0,0,0,0,0,0,0,0,1
22,3,1,2,100.0,2,1.56,2.67,71,90000,0,1,1,0,0,0,1,0,0,0,0,0,0,0,0,1,0,0,0,0,0,1,0
20,2,2,3,100.0,1,1.91,2.96,109,94000,0,0,1,0,0,0,1,0,0,0,0,1,0,0,0,0,0,1,0,0,0,0,0
24,3,2,2,70.0,2,1.89,3.18,113,95000,0,1,0,1,0,0,1,0,0,0,0,1,0,0,0,0,0,0,0,0,0,0,1
20,4,2,6,100.0,1,2.76,3.88,109,95000,0,0,1,0,0,0,0,0,0,0,0,0,0,0,0,1,0,0,0,0,0,0,1
23,3,1,3,100.0,2,2.76,3.84,144,96000,0,1,1,0,0,0,0,0,0,0,0,0,0,1,0,0,0,0,0,0,0,1,0
20,5,3,2,76.0,1,2.7,3.87,78,97000,0,0,1,0,0,1,1,0,0,0,0,0,0,1,0,0,0,0,0,0,0,0,1
22,2,1,3,100.0,2,2.56,3.64,143,98000,0,1,1,0,0,0,1,1,0,0,0,0,0,1,0,0,0,0,0,0,0,0,1
20,1,1,2,78.0,1,1.81,2.84,71,98000,0,1,1,0,0,0,1,0,0,0,0,1,0,0,0,0,0,1,0,0,0,0,0
24,2,2,8,98.0,3,2.53,3.36,76,100000,1,0,0,1,0,0,1,0,0,0,0,1,0,0,0,0,0,1,0,0,0,0,0
23,2,1,7,90.0,2,2.54,3.57,84,100000,1,0,1,0,0,0,0,0,0,0,0,1,0,0,0,0,0,1,0,0,0,0,0
22,4,2,4,80.0,1,2.45,3.5,16,100000,0,1,1,0,0,0,0,0,0,0,0,0,0,1,0,0,0,0,0,0,0,1,0
21,8,3,2,100.0,4,2.91,4.0,97,100000,0,0,1,0,0,1,0,1,0,0,0,1,0,0,0,0,0,0,0,0,0,0,1
20,1,2,2,54.0,4,2.67,3.77,78,100000,0,1,1,0,0,0,1,0,0,0,0,1,0,0,0,0,0,1,0,0,0,0,0
22,5,3,8,77.0,2,2.33,3.88,144,110000,0,1,1,0,0,0,0,0,0,0,1,0,0,0,0,0,0,0,0,0,0,1,0
24,1,2,3,100.0,4,2.87,3.91,140,110000,1,0,1,0,0,0,1,0,0,0,0,1,0,0,0,0,0,1,0,0,0,0,0
20,3,2,9,100.0,4,2.09,3.23,119,110000,0,0,1,0,0,0,0,0,0,0,0,0,0,0,0,0,0,1,0,0,0,0,0
25,2,3,3,77.0,2,1.67,2.73,124,112000,0,1,1,0,0,0,0,0,0,0,0,1,0,0,0,0,0,1,0,0,0,0,0
20,1,1,10,45.0,1,1.15,2.39,75,112000,0,1,1,0,0,0,0,0,0,1,0,0,0,0,0,0,1,0,0,0,0,0,0
21,2,2,3,100.0,4,2.56,3.64,68,113000,0,0,1,0,0,0,0,0,0,0,0,0,0,0,0,1,0,0,0,0,0,1,0
20,3,2,3,100.0,3,1.99,2.94,88,120000,1,0,1,0,0,0,1,0,0,0,0,0,0,1,0,0,0,0,0,0,0,1,0
19,6,4,4,100.0,3,2.78,3.8,29,120000,0,1,1,0,0,1,0,0,0,1,0,0,0,0,0,0,1,0,0,0,0,0,0
20,3,2,7,100.0,1,2.21,3.3,137,122000,0,1,1,0,0,0,1,0,0,1,0,0,0,0,0,0,0,1,0,0,0,0,0
20,3,3,3,100.0,1,1.46,2.51,143,122000,0,0,1,0,0,0,1,0,0,0,0,0,0,0,0,0,1,0,0,0,0,0,0
20,2,2,2,64.0,4,2.67,3.78,136,127000,0,1,0,1,0,1,1,0,0,0,0,1,0,0,0,0,0,1,0,0,0,0,0
21,5,3,7,100.0,2,2.32,3.78,123,130000,0,1,1,0,0,0,1,0,0,0,0,1,0,0,0,0,0,1,0,0,0,0,0
21,4,2,7,79.0,3,2.22,3.41,59,133000,0,1,1,0,0,0,0,0,0,0,0,0,0,0,0,0,0,1,0,0,0,0,0
20,4,2,7,80.0,1,1.88,2.97,29,140000,0,1,1,0,0,0,0,0,0,0,0,0,0,1,0,0,0,0,0,0,0,0,1
20,2,1,3,73.0,2,1.45,2.52,135,140000,1,0,1,0,0,0,1,0,0,0,0,1,0,0,0,0,0,1,0,0,0,0,0
25,3,1,2,87.0,4,1.54,2.62,121,144000,0,0,1,0,0,0,1,0,0,0,0,1,0,0,0,0,0,1,0,0,0,0,0
20,3,3,3,100.0,1,2.78,3.86,89,145000,0,1,1,0,0,0,1,0,0,0,0,1,0,0,0,0,0,1,0,0,0,0,0
21,2,2,3,80.0,4,2.1,3.41,139,150000,0,1,1,0,0,0,1,0,0,0,0,0,0,1,0,0,0,0,0,0,0,0,1
24,5,3,2,100.0,1,2.57,3.63,144,150000,0,0,1,0,0,0,1,0,0,0,0,1,0,0,0,0,0,1,0,0,0,0,0
19,2,2,4,100.0,1,2.44,3.59,68,155000,0,1,1,0,0,0,0,0,0,0,0,0,0,0,0,0,0,0,0,0,0,1,0
23,3,1,2,78.0,1,1.67,2.77,139,160000,1,0,1,0,0,0,1,0,0,0,0,1,0,0,0,0,0,1,0,0,0,0,0
21,3,3,5,100.0,1,1.55,2.61,92,165000,0,0,1,0,0,0,0,0,0,0,0,0,0,0,0,0,0,1,0,0,0,0,0
20,2,1,2,100.0,1,2.34,3.42,103,165000,0,1,0,1,0,0,0,0,0,1,0,0,0,0,0,0,1,0,0,0,0,0,0
20,2,1,6,80.0,2,1.54,2.95,90,169000,1,0,1,0,0,0,1,0,0,0,0,0,0,0,0,1,0,1,0,0,0,0,0
21,4,3,5,70.0,2,2.0,3.03,71,170000,1,0,1,0,0,0,1,0,0,0,0,0,0,0,0,1,0,0,0,0,0,1,0
21,2,1,10,50.0,2,1.35,2.66,105,200000,0,1,1,0,0,0,0,0,0,1,0,0,0,0,0,0,0,1,0,0,0,0,0
20,6,5,3,100.0,4,2.64,3.34,70,200000,1,0,1,0,0,0,0,0,1,0,0,0,0,1,0,0,0,0,0,0,0,1,0
22,3,4,8,50.0,1,1.7,3.0,95,200000,0,1,1,0,0,0,0,0,0,1,0,0,0,0,0,0,0,0,0,0,0,0,1
22,3,2,7,88.0,5,2.9,3.93,125,200000,0,1,1,0,0,0,0,0,0,0,0,0,0,0,0,1,0,0,0,0,1,0,0
21,5,2,6,80.0,3,1.9,3.1,99,200000,0,0,1,0,0,0,0,0,0,0,0,0,0,1,0,0,0,0,0,0,0,0,1
22,3,2,9,75.0,2,2.01,3.08,126,250000,0,1,1,0,0,0,1,0,0,1,0,0,0,0,0,0,0,1,0,0,0,0,0
20,5,4,2,100.0,4,2.33,3.89,104,277000,0,0,1,0,0,1,0,0,0,0,0,0,0,1,0,0,0,0,0,0,0,0,1
20,6,2,4,70.0,3,1.6,2.9,30,20000,0,0,1,0,0,1,1,1,0,0,0,0,0,1,0,0,0,0,0,0,0,1,0
23,4,2,3,96.0,3,2.67,3.4,140,30000,0,1,1,0,0,1,1,1,0,0,0,1,0,0,0,0,1,0,0,0,0,0,0
21,2,1,1,95.0,4,1.05,2.8,18,30000,0,1,1,0,0,0,1,1,0,0,0,0,0,0,0,1,0,0,0,0,0,1,0
21,7,2,3,100.0,2,1.47,2.54,88,32000,0,0,1,0,0,0,0,1,0,0,0,0,0,1,0,0,0,0,0,0,0,0,1
23,2,2,1,100.0,3,1.58,1.42,14,35000,1,0,1,0,0,0,1,1,1,0,0,0,0,1,0,0,0,0,0,0,0,1,0
23,6,2,4,90.0,5,2.45,2.39,40,35000,1,0,1,0,0,0,1,1,0,0,0,0,0,0,0,1,0,0,0,0,0,1,0
19,3,3,2,89.0,4,1.87,2.8,136,35000,0,0,1,0,0,0,1,1,0,1,0,0,0,0,0,0,1,0,0,0,0,0,0
21,3,2,8,70.0,1,2.33,3.47,128,37000,0,1,1,0,0,0,1,1,0,0,0,0,0,1,0,0,0,0,0,0,0,1,0
24,1,3,2,100.0,2,2.9,3.92,144,37000,0,0,1,0,0,0,1,1,0,1,0,0,0,0,0,0,1,0,0,0,0,0,0
19,3,1,5,60.0,3,1.78,2.63,97,37000,0,0,1,0,0,0,0,1,0,1,0,0,0,0,0,0,1,0,0,0,0,0,0
21,4,2,7,100.0,2,2.77,3.91,139,38000,0,0,1,0,0,0,0,1,0,1,0,0,0,0,0,0,0,0,0,0,0,1,0
22,4,2,5,100.0,2,1.98,3.03,111,39000,0,0,1,0,0,0,0,1,0,1,0,0,0,0,0,0,0,1,0,0,0,0,0
23,5,2,11,35.0,2,1.43,2.65,107,40000,1,0,1,0,0,0,1,1,0,0,0,0,0,1,0,0,0,0,0,0,0,1,0
20,5,2,3,100.0,3,2.77,3.96,129,42000,0,0,1,0,0,1,1,1,0,1,0,0,0,0,0,0,0,0,0,0,0,1,0
20,2,2,3,43.0,4,2.81,3.9,144,43000,0,0,1,0,0,1,0,1,0,0,0,1,0,0,0,0,0,1,0,0,0,0,0
21,3,1,3,70.0,2,2.1,3.2,137,45000,0,1,0,1,0,0,0,1,0,0,0,0,0,1,0,0,0,0,0,0,0,1,0
25,2,2,2,67.0,4,1.87,2.92,144,45000,0,1,1,0,0,0,0,1,0,0,1,0,0,0,0,0,1,0,0,0,0,0,0
22,1,2,7,100.0,1,2.58,3.74,39,45000,0,1,0,1,0,1,0,1,0,0,0,0,0,1,0,0,0,0,0,0,0,1,0
22,3,1,7,80.0,2,1.77,2.82,109,45000,0,1,1,0,0,0,0,1,0,1,0,0,0,0,0,0,0,1,0,0,0,0,0
24,3,1,7,88.0,3,2.16,3.33,143,46000,0,1,1,0,0,0,1,1,0,0,0,0,0,0,0,0,0,1,0,0,0,0,0
23,1,1,2,100.0,3,2.53,3.81,132,50000,0,0,0,1,0,1,0,1,0,0,0,0,0,1,0,0,0,1,0,0,0,0,0
23,3,2,3,98.0,2,2.75,3.64,18,50000,0,0,1,0,0,0,1,1,0,0,0,0,0,0,0,1,0,0,0,0,0,1,0
20,3,2,7,70.0,1,2.01,3.15,131,50000,0,0,1,0,0,0,0,1,0,0,0,0,0,0,0,1,0,0,0,0,0,0,1
20,3,2,3,76.0,3,2.77,3.8,129,50000,0,1,1,0,0,1,0,1,0,0,0,0,0,0,0,0,0,1,0,0,0,0,0
22,5,3,11,80.0,2,2.04,3.16,143,51000,0,1,1,0,0,0,0,1,0,0,0,0,0,0,0,1,0,0,0,0,0,0,1
20,5,3,4,55.0,2,2.01,3.13,101,51000,0,1,1,0,0,1,1,1,0,1,0,0,0,0,0,0,1,0,0,0,0,0,0
20,3,2,3,24.0,4,1.87,2.93,117,52000,1,0,1,0,0,0,0,1,0,0,0,0,0,1,0,0,0,0,0,0,0,0,1
24,6,2,3,100.0,1,2.02,3.11,134,53000,0,0,1,0,0,1,1,1,0,1,0,0,0,0,0,0,1,0,0,0,0,0,0
21,3,2,6,70.0,2,1.98,2.97,105,53000,0,1,1,0,0,0,1,1,0,0,0,0,0,1,0,0,0,0,0,0,0,0,1
21,4,2,5,100.0,1,2.56,3.79,132,55000,0,0,1,0,0,0,1,1,0,1,0,0,0,0,0,0,0,0,0,0,0,1,0
23,3,1,2,100.0,1,1.54,2.66,136,55000,0,1,1,0,0,0,1,1,0,0,0,1,0,0,0,0,0,1,0,0,0,0,0
23,3,3,1,100.0,1,1.56,2.65,143,55000,0,1,1,0,0,0,1,1,0,0,0,0,0,1,0,0,0,0,0,0,0,1,0
20,3,2,3,30.0,1,1.88,2.98,77,55000,1,0,1,0,0,0,0,1,0,0,0,1,0,0,0,0,0,1,0,0,0,0,0
22,1,2,2,100.0,2,2.76,3.8,136,55000,0,1,0,1,0,0,1,1,0,0,0,0,0,0,0,1,1,0,0,0,0,0,0
20,3,2,2,85.0,2,1.56,2.97,67,55000,0,1,1,0,0,0,0,1,0,0,0,0,0,1,0,0,1,0,0,0,0,0,0
21,1,1,9,57.0,1,1.24,2.35,137,56000,0,1,0,1,0,0,0,1,0,1,0,0,0,0,0,0,0,1,0,0,0,0,0
21,5,2,4,90.0,2,1.95,2.92,139,58000,0,0,1,0,0,0,0,1,0,0,1,0,0,0,0,0,0,0,0,0,0,1,0
21,1,1,2,50.0,2,1.65,2.7,139,59000,0,0,0,1,0,0,0,1,0,1,0,0,0,0,0,0,1,0,0,0,0,0,0
24,3,2,8,89.0,1,1.11,2.35,95,60000,0,1,1,0,0,0,0,1,0,0,0,1,0,0,0,0,1,0,0,0,0,0,0
24,1,2,8,70.0,2,1.71,2.82,118,60000,0,1,1,0,0,0,0,1,0,0,0,1,0,0,0,0,0,1,0,0,0,0,0
23,4,2,5,95.0,5,1.33,2.99,104,60000,0,1,1,0,0,1,1,1,0,0,0,1,0,0,0,0,1,0,0,0,0,0,0
20,2,1,3,100.0,2,2.56,3.63,106,60000,0,1,1,0,0,0,0,1,0,0,0,0,0,0,0,0,1,0,0,0,0,0,0
22,4,2,3,100.0,2,2.81,3.97,51,60000,0,1,1,0,0,1,1,1,0,0,0,0,0,0,0,1,0,0,0,0,0,0,1
21,2,1,1,100.0,1,2.73,3.81,135,61000,0,0,1,0,0,1,0,1,0,0,0,0,0,0,0,0,0,0,0,0,0,1,0
19,7,3,3,89.0,1,1.88,2.9,132,64000,0,1,1,0,0,0,0,1,0,0,0,0,0,1,0,0,0,0,0,0,0,0,1
23,2,3,3,90.0,3,2.33,3.68,43,65000,1,0,1,0,0,1,1,1,0,0,0,1,0,0,0,0,0,1,0,0,0,0,0
24,3,2,5,100.0,2,2.22,3.45,132,66000,0,1,0,1,0,0,1,1,0,0,0,0,0,0,0,1,0,0,0,0,0,1,0
20,2,1,3,45.0,2,1.45,2.53,117,66000,0,0,1,0,0,0,1,1,0,0,0,1,0,0,0,0,0,1,0,0,0,0,0
20,4,2,3,100.0,1,1.76,2.82,62,66000,0,1,0,1,0,0,0,1,0,0,0,0,0,1,0,0,0,0,0,0,0,1,0
20,5,3,3,100.0,2,2.66,3.79,58,67000,0,1,0,1,0,1,0,1,0,0,0,0,0,0,0,1,0,0,0,0,0,1,0
25,2,2,2,43.0,2,2.55,3.6,143,68000,0,1,1,0,0,0,0,1,0,0,0,1,0,0,0,0,0,1,0,0,0,0,0
21,4,2,3,87.0,4,2.71,3.78,143,68000,0,1,1,0,0,0,0,1,0,0,0,1,0,0,0,0,0,1,0,0,0,0,0
20,3,1,8,88.0,3,2.22,3.19,87,68000,0,1,0,1,0,0,0,1,0,0,0,0,0,0,0,1,0,0,0,0,0,0,1
21,1,1,7,80.0,1,1.95,2.88,43,68000,0,1,1,0,0,0,1,1,0,0,1,0,0,0,0,0,0,0,0,0,0,1,0
22,2,2,1,100.0,1,2.77,3.56,56,70000,0,1,1,0,0,1,0,1,0,0,0,0,0,0,0,1,1,0,0,0,0,0,0
21,7,2,2,100.0,2,2.75,3.93,125,70000,0,0,1,0,0,1,1,1,0,0,1,0,0,0,0,0,0,1,0,0,0,0,0
21,6,2,6,100.0,6,2.61,3.78,35,70000,0,1,1,0,0,1,0,1,0,0,0,1,0,0,0,0,0,0,0,0,0,1,0
22,6,2,4,30.0,1,1.35,2.65,105,70000,0,0,1,0,0,0,0,1,0,1,0,0,0,0,0,0,0,0,0,0,0,0,1
20,1,3,2,87.0,1,2.44,3.56,135,70000,0,0,1,0,0,0,1,1,0,0,0,1,0,0,0,0,0,1,0,0,0,0,0
20,4,3,2,100.0,1,1.56,2.64,78,70000,0,0,0,1,0,0,0,1,0,0,0,0,0,0,0,1,0,0,0,0,0,1,0
20,3,3,2,100.0,1,1.76,2.84,58,70000,0,0,1,0,0,0,0,1,0,0,0,1,0,0,0,0,0,1,0,0,0,0,0
20,5,4,6,70.0,2,1.9,3.13,89,71000,0,1,1,0,0,0,0,1,0,0,0,0,0,0,0,1,0,0,0,0,0,1,0
21,4,2,6,100.0,3,1.99,3.05,79,71000,0,1,1,0,0,0,1,1,0,0,0,0,0,1,0,0,0,0,0,0,0,0,1
21,1,2,2,56.0,2,2.43,3.55,107,71000,0,1,1,0,0,0,0,1,0,0,0,0,0,0,0,0,1,0,0,0,0,0,0
23,5,1,2,91.0,2,1.67,2.74,137,74000,1,0,0,1,0,0,0,1,0,0,0,0,0,1,0,0,0,0,0,0,0,1,0
20,4,1,2,100.0,1,2.78,3.83,143,74000,0,1,1,0,0,1,0,1,0,0,0,1,0,0,0,0,0,1,0,0,0,0,0
22,3,4,6,100.0,3,1.81,2.95,137,75000,0,0,0,1,0,1,1,1,0,0,0,0,0,1,0,0,0,0,0,0,0,0,1
20,7,4,2,100.0,3,2.91,3.97,139,75000,0,0,1,0,0,1,1,1,0,1,0,0,0,0,0,0,1,0,0,0,0,0,0
19,3,1,5,100.0,1,2.65,3.57,27,75000,1,0,1,0,0,0,1,1,0,1,0,0,0,0,0,0,0,0,0,0,0,0,1
24,4,2,6,77.0,2,2.23,3.65,145,76000,0,1,0,1,0,0,1,1,0,1,0,0,0,0,0,0,1,0,0,0,0,0,0
21,3,1,6,86.0,3,2.13,3.28,98,77000,1,0,0,1,0,0,0,1,0,0,0,0,0,0,0,1,0,0,0,0,0,1,0
23,5,3,5,100.0,2,2.66,3.85,145,77000,0,1,1,0,0,1,1,1,0,0,1,0,0,0,0,0,0,0,0,0,0,1,0
20,3,3,3,100.0,4,2.87,3.9,143,77000,0,1,1,0,0,0,0,1,0,0,0,0,0,0,0,1,0,0,0,0,0,1,0
20,2,2,3,67.0,3,2.65,3.75,95,77000,0,1,0,1,0,0,0,1,0,0,0,1,0,0,0,0,0,1,0,0,0,0,0
22,2,3,1,100.0,2,1.38,2.51,134,77000,0,1,1,0,0,0,0,1,0,0,0,0,0,0,0,1,0,0,0,0,0,1,0
25,5,3,12,100.0,2,2.19,3.45,103,78000,0,1,1,0,0,1,1,1,0,0,1,0,0,0,0,0,0,0,0,0,0,0,1
20,3,1,6,80.0,3,2.11,3.46,101,78000,0,1,1,0,0,0,0,1,0,0,0,0,0,0,0,1,1,0,0,0,0,0,0
25,1,2,2,67.0,4,1.78,2.8,143,78000,1,0,1,0,0,0,0,1,0,0,1,0,0,0,0,0,1,0,0,0,0,0,0
19,3,2,5,100.0,2,2.45,3.76,100,78000,0,1,1,0,0,0,0,1,0,0,0,0,0,0,0,0,0,1,0,0,0,0,0
20,2,3,2,100.0,4,2.67,3.7,132,79000,0,1,1,0,0,0,1,1,0,0,0,1,0,0,0,0,0,1,0,0,0,0,0
21,3,3,2,100.0,2,2.61,3.77,123,79000,1,0,1,0,0,1,1,1,0,0,0,0,0,1,0,0,1,0,0,0,0,0,0
25,6,2,6,80.0,3,1.61,2.81,133,80000,0,1,1,0,0,1,0,1,0,0,0,0,0,0,0,1,0,0,0,0,0,1,0
23,1,1,5,100.0,1,2.89,3.89,102,80000,1,0,1,0,0,0,1,1,0,0,0,1,0,0,0,0,0,1,0,0,0,0,0
20,2,2,3,100.0,4,1.68,2.71,101,80000,1,0,1,0,0,0,0,1,0,1,0,0,0,0,0,0,1,0,0,0,0,0,0
20,1,1,3,100.0,2,1.63,2.7,143,80000,0,0,1,0,0,0,1,1,0,1,0,0,0,0,0,0,1,0,0,0,0,0,0
20,2,1,2,95.0,3,1.56,2.64,97,80000,0,0,1,0,0,0,1,1,0,0,1,0,0,0,0,0,0,0,0,0,0,1,0
20,4,1,2,100.0,4,2.75,3.8,143,81000,0,1,1,0,0,0,1,1,0,0,0,0,0,0,0,0,1,0,0,0,0,0,0
22,6,3,3,100.0,3,2.56,3.95,115,85000,0,0,1,0,0,1,1,1,0,0,0,0,0,0,0,1,0,0,0,0,0,1,0
22,2,3,1,100.0,4,2.56,3.66,143,86000,0,1,1,0,0,0,0,1,0,0,0,0,0,0,0,1,0,0,0,0,0,1,0
24,5,2,3,89.0,4,1.76,2.89,143,87000,0,1,1,0,0,0,1,1,0,0,0,1,0,0,0,0,0,1,0,0,0,0,0
23,2,2,3,79.0,1,2.87,3.91,139,88000,0,1,1,0,0,0,1,1,0,0,0,1,0,0,0,0,0,1,0,0,0,0,0
20,3,1,2,50.0,4,1.56,2.63,88,88000,1,0,1,0,0,0,1,1,0,0,0,0,0,0,0,0,1,0,0,0,0,0,0
21,2,1,4,100.0,2,2.57,3.88,145,89000,0,1,0,1,0,1,1,1,0,0,1,0,0,0,0,0,1,0,0,0,0,0,0
25,4,2,3,81.0,2,1.5,2.63,143,89000,0,0,1,0,0,0,1,1,0,0,0,0,0,0,0,0,1,0,0,0,0,0,0
20,3,3,1,100.0,2,2.55,3.6,135,89000,0,1,1,0,0,0,0,1,0,0,1,0,0,0,0,0,1,0,0,0,0,0,0
19,5,2,4,100.0,2,2.56,3.89,29,89000,0,0,1,0,0,1,0,1,0,0,1,0,0,0,0,0,0,1,0,0,0,0,0
24,6,3,2,100.0,1,2.87,3.94,143,90000,0,0,1,0,0,1,1,1,0,0,0,0,0,0,0,0,0,1,0,0,0,0,0
24,1,2,5,100.0,2,2.48,3.78,144,90000,0,0,1,0,0,0,0,0,0,0,0,1,0,0,0,0,0,1,0,0,0,0,0
24,1,1,10,90.0,1,1.35,2.65,98,90000,0,0,1,0,0,0,1,1,0,0,0,1,0,0,0,0,0,1,0,0,0,0,0
22,5,2,8,100.0,2,1.56,2.98,99,90000,0,0,1,0,0,0,1,1,0,0,0,0,1,0,0,0,0,0,0,0,0,0,1
20,4,3,4,65.0,2,1.66,2.45,105,90000,0,1,1,0,0,0,0,1,0,0,0,0,0,0,0,0,0,0,0,0,0,1,0
20,2,2,3,100.0,2,1.86,2.91,60,93000,0,0,0,1,0,0,1,1,0,0,0,0,1,0,0,0,0,0,0,0,0,1,0
19,4,3,3,100.0,2,2.77,3.83,30,95000,0,1,1,0,0,0,0,1,0,0,0,0,0,0,0,0,0,0,0,0,0,1,0
21,1,2,3,53.0,1,2.81,3.9,83,95000,0,1,1,0,0,0,0,1,0,0,0,1,0,0,0,0,0,1,0,0,0,0,0
21,2,1,3,100.0,2,2.75,3.81,120,96000,0,0,1,0,0,1,0,1,0,0,0,0,0,0,0,0,1,0,0,0,0,0,0
25,5,1,3,67.0,4,1.56,2.63,143,97000,0,0,1,0,0,0,1,1,0,0,0,0,0,0,0,1,0,0,0,0,0,1,0
23,2,2,6,100.0,1,2.91,3.98,91,97000,0,1,1,0,0,1,1,1,0,0,0,1,0,0,0,0,0,1,0,0,0,0,0
21,2,2,2,54.0,2,1.54,2.63,68,97000,0,0,1,0,0,0,1,1,0,0,0,1,0,0,0,0,0,1,0,0,0,0,0
25,3,3,3,87.0,4,1.78,2.83,143,98000,0,1,1,0,0,0,0,1,0,0,0,1,0,0,0,0,0,1,0,0,0,0,0
22,8,1,10,70.0,1,2.9,3.88,60,100000,0,0,1,0,0,1,0,0,0,0,0,0,0,0,0,1,0,0,0,0,0,0,1
21,3,1,3,56.0,4,2.67,3.75,116,100000,1,0,0,1,0,0,1,1,0,1,0,0,0,0,0,0,1,0,0,0,0,0,0
20,4,2,5,100.0,1,2.33,3.45,102,100000,0,1,1,0,0,0,1,1,0,1,0,0,0,0,0,0,1,0,0,0,0,0,0
24,3,3,3,68.0,4,2.76,3.56,123,110000,0,1,1,0,0,0,0,1,0,0,0,1,0,0,0,0,0,1,0,0,0,0,0
21,5,2,9,60.0,2,1.23,2.76,89,110000,0,1,1,0,0,0,1,1,0,0,0,0,0,0,0,1,0,0,1,0,0,0,0
22,2,3,3,55.0,4,2.35,3.48,135,116000,0,1,1,0,0,0,0,1,0,0,0,0,0,1,0,0,0,0,0,0,0,0,1
22,4,3,3,76.0,2,1.34,2.48,103,117000,0,1,1,0,0,0,1,1,0,0,0,1,0,0,0,0,0,1,0,0,0,0,0
25,6,3,3,90.0,2,2.07,3.12,144,119000,0,1,1,0,0,1,0,1,0,0,0,0,0,0,0,0,0,1,0,0,0,0,0
20,4,1,2,100.0,1,2.56,3.6,143,120000,0,0,1,0,0,0,1,1,0,1,0,0,0,0,0,0,1,0,0,0,0,0,0
21,3,1,2,63.0,2,1.77,2.8,78,120000,1,0,1,0,0,0,0,1,0,0,0,1,0,0,0,0,0,1,0,0,0,0,0
20,3,2,3,66.0,4,2.67,3.77,78,120000,1,0,1,0,0,0,0,1,0,0,0,1,0,0,0,0,0,1,0,0,0,0,0
22,2,1,3,100.0,4,1.86,2.93,143,121000,1,0,1,0,0,0,0,1,0,0,0,0,0,0,0,1,0,0,0,0,0,1,0
20,1,2,3,100.0,4,1.87,2.94,68,121000,0,1,1,0,0,0,1,1,0,0,0,0,0,0,0,1,0,0,0,0,0,1,0
20,2,1,9,80.0,2,1.22,2.78,107,130000,0,1,0,1,0,0,1,1,0,0,0,0,0,1,0,0,0,0,0,0,0,1,0
21,3,3,2,100.0,4,1.4,2.54,77,130000,0,1,1,0,0,0,0,1,0,0,0,0,0,0,0,0,1,0,0,0,0,0,0
20,3,3,1,100.0,2,1.78,2.83,59,135000,0,1,1,0,0,0,0,1,0,1,0,0,0,0,0,0,1,0,0,0,0,0,0
20,4,3,3,78.0,4,1.77,2.85,63,136000,0,1,1,0,0,0,1,1,0,0,0,0,0,0,0,1,0,0,0,0,0,1,0
22,5,3,5,100.0,1,2.55,3.66,143,137000,0,0,0,1,0,0,1,1,0,0,0,0,0,1,0,0,0,0,0,0,0,0,1
20,1,2,2,100.0,1,2.65,3.88,125,140000,0,0,0,1,0,0,1,1,0,0,0,0,0,0,0,0,0,0,0,0,0,1,0
25,5,3,3,35.0,2,2.81,3.9,143,144000,0,1,1,0,0,1,0,1,0,0,0,1,0,0,0,0,0,1,0,0,0,0,0
20,2,2,3,100.0,2,2.34,3.44,113,167000,0,1,1,0,0,0,0,1,0,0,0,0,0,0,0,1,1,0,0,0,0,0,0
20,2,1,3,87.0,4,2.35,3.43,143,170000,0,0,1,0,0,0,1,1,0,1,0,0,0,0,0,0,1,0,0,0,0,0,0
20,1,2,2,46.0,2,2.65,3.77,100,180000,1,0,1,0,0,0,0,1,0,1,0,0,0,0,0,0,1,0,0,0,0,0,0
23,4,2,4,100.0,2,2.5,2.22,18,200000,1,0,1,0,0,1,1,1,0,0,0,0,0,1,0,0,0,0,0,0,0,1,0
22,3,2,2,100.0,2,1.56,2.78,100,200000,1,0,1,0,0,0,1,1,0,0,0,1,0,0,0,0,0,1,0,0,0,0,0
25,5,3,3,100.0,4,1.4,2.52,136,210000,0,1,1,0,0,0,0,1,0,0,0,0,0,0,0,1,0,0,0,0,0,1,0
23,3,2,5,100.0,1,1.34,2.88,88,250000,0,1,1,0,0,0,0,1,0,0,0,1,0,0,0,0,0,1,0,0,0,0,0
